timestamp,date,source,pair,label,rate
202502280548,2025-02-28,https://www.bk.mufg.jp/gdocs/kinri/list_j/kinri/spot_rate.csv,,,
202502280607,2025-02-28,https://www.bk.mufg.jp/gdocs/kinri/list_j/kinri/spot_rate.csv,USDJPY,T.T.S.,1.0
202502280607,2025-02-28,https://www.bk.mufg.jp/gdocs/kinri/list_j/kinri/spot_rate.csv,USDJPY,ACC.,150.67
202502280607,2025-02-28,https://www.bk.mufg.jp/gdocs/kinri/list_j/kinri/spot_rate.csv,USDJPY,CASH S.,151.1
202502280607,2025-02-28,https://www.bk.mufg.jp/gdocs/kinri/list_j/kinri/spot_rate.csv,USDJPY,T.T.B.,152.47
202502280607,2025-02-28,https://www.bk.mufg.jp/gdocs/kinri/list_j/kinri/spot_rate.csv,USDJPY,A/S,148.67
202502280607,2025-02-28,https://www.bk.mufg.jp/gdocs/kinri/list_j/kinri/spot_rate.csv,USDJPY,D/PED/A,148.24
202502280607,2025-02-28,https://www.bk.mufg.jp/gdocs/kinri/list_j/kinri/spot_rate.csv,USDJPY,CASH B.,147.94
202502280615,2025-02-28,https://www.bk.mufg.jp/gdocs/kinri/list_j/kinri/spot_rate.csv,USDJPY,T.T.S.,150.67
202502280615,2025-02-28,https://www.bk.mufg.jp/gdocs/kinri/list_j/kinri/spot_rate.csv,USDJPY,ACC.,151.1
202502280615,2025-02-28,https://www.bk.mufg.jp/gdocs/kinri/list_j/kinri/spot_rate.csv,USDJPY,CASH S.,152.47
202502280615,2025-02-28,https://www.bk.mufg.jp/gdocs/kinri/list_j/kinri/spot_rate.csv,USDJPY,T.T.B.,148.67
202502280615,2025-02-28,https://www.bk.mufg.jp/gdocs/kinri/list_j/kinri/spot_rate.csv,USDJPY,A/S,148.24
202502280615,2025-02-28,https://www.bk.mufg.jp/gdocs/kinri/list_j/kinri/spot_rate.csv,USDJPY,D/PED/A,147.94
202502280615,2025-02-28,https://www.bk.mufg.jp/gdocs/kinri/list_j/kinri/spot_rate.csv,USDJPY,CASH B.,146.67
202502280650,2025-02-28,https://www.bk.mufg.jp/gdocs/kinri/list_j/kinri/spot_rate.csv,USDJPY,T.T.S.,150.67
202502280650,2025-02-28,https://www.bk.mufg.jp/gdocs/kinri/list_j/kinri/spot_rate.csv,USDJPY,ACC.,151.1
202502280650,2025-02-28,https://www.bk.mufg.jp/gdocs/kinri/list_j/kinri/spot_rate.csv,USDJPY,CASH S.,152.47
202502280650,2025-02-28,https://www.bk.mufg.jp/gdocs/kinri/list_j/kinri/spot_rate.csv,USDJPY,T.T.B.,148.67
202502280650,2025-02-28,https://www.bk.mufg.jp/gdocs/kinri/list_j/kinri/spot_rate.csv,USDJPY,A/S,148.24
202502280650,2025-02-28,https://www.bk.mufg.jp/gdocs/kinri/list_j/kinri/spot_rate.csv,USDJPY,D/PED/A,147.94
202502280650,2025-02-28,https://www.bk.mufg.jp/gdocs/kinri/list_j/kinri/spot_rate.csv,USDJPY,CASH B.,146.67
202502280701,2025-02-28,https://www.bk.mufg.jp/gdocs/kinri/list_j/kinri/spot_rate.csv,USDJPY,T.T.S.,150.67
202502280701,2025-02-28,https://www.bk.mufg.jp/gdocs/kinri/list_j/kinri/spot_rate.csv,USDJPY,ACC.,151.1
202502280701,2025-02-28,https://www.bk.mufg.jp/gdocs/kinri/list_j/kinri/spot_rate.csv,USDJPY,CASH S.,152.47
202502280701,2025-02-28,https://www.bk.mufg.jp/gdocs/kinri/list_j/kinri/spot_rate.csv,USDJPY,T.T.B.,148.67
202502280701,2025-02-28,https://www.bk.mufg.jp/gdocs/kinri/list_j/kinri/spot_rate.csv,USDJPY,A/S,148.24
202502280701,2025-02-28,https://www.bk.mufg.jp/gdocs/kinri/list_j/kinri/spot_rate.csv,USDJPY,D/PED/A,147.94
202502280701,2025-02-28,https://www.bk.mufg.jp/gdocs/kinri/list_j/kinri/spot_rate.csv,USDJPY,CASH B.,146.67
202502280704,2025-02-28,https://www.bk.mufg.jp/gdocs/kinri/list_j/kinri/spot_rate.csv,USDJPY,T.T.S.,150.67
202502280704,2025-02-28,https://www.bk.mufg.jp/gdocs/kinri/list_j/kinri/spot_rate.csv,USDJPY,ACC.,151.1
202502280704,2025-02-28,https://www.bk.mufg.jp/gdocs/kinri/list_j/kinri/spot_rate.csv,USDJPY,CASH S.,152.47
202502280704,2025-02-28,https://www.bk.mufg.jp/gdocs/kinri/list_j/kinri/spot_rate.csv,USDJPY,T.T.B.,148.67
202502280704,2025-02-28,https://www.bk.mufg.jp/gdocs/kinri/list_j/kinri/spot_rate.csv,USDJPY,A/S,148.24
202502280704,2025-02-28,https://www.bk.mufg.jp/gdocs/kinri/list_j/kinri/spot_rate.csv,USDJPY,D/PED/A,147.94
202502280704,2025-02-28,https://www.bk.mufg.jp/gdocs/kinri/list_j/kinri/spot_rate.csv,USDJPY,CASH B.,146.67
202502280716,2025-02-28,https://www.bk.mufg.jp/gdocs/kinri/list_j/kinri/spot_rate.csv,USDJPY,T.T.S.,150.67
202502280716,2025-02-28,https://www.bk.mufg.jp/gdocs/kinri/list_j/kinri/spot_rate.csv,USDJPY,ACC.,151.1
202502280716,2025-02-28,https://www.bk.mufg.jp/gdocs/kinri/list_j/kinri/spot_rate.csv,USDJPY,CASH S.,152.47
202502280716,2025-02-28,https://www.bk.mufg.jp/gdocs/kinri/list_j/kinri/spot_rate.csv,USDJPY,T.T.B.,148.67
202502280716,2025-02-28,https://www.bk.mufg.jp/gdocs/kinri/list_j/kinri/spot_rate.csv,USDJPY,A/S,148.24
202502280716,2025-02-28,https://www.bk.mufg.jp/gdocs/kinri/list_j/kinri/spot_rate.csv,USDJPY,D/PED/A,147.94
202502280716,2025-02-28,https://www.bk.mufg.jp/gdocs/kinri/list_j/kinri/spot_rate.csv,USDJPY,CASH B.,146.67
202502280724,2025-02-28,https://www.bk.mufg.jp/gdocs/kinri/list_j/kinri/spot_rate.csv,USDJPY,T.T.S.,150.67
202502280724,2025-02-28,https://www.bk.mufg.jp/gdocs/kinri/list_j/kinri/spot_rate.csv,USDJPY,ACC.,151.1
202502280724,2025-02-28,https://www.bk.mufg.jp/gdocs/kinri/list_j/kinri/spot_rate.csv,USDJPY,CASH S.,152.47
202502280724,2025-02-28,https://www.bk.mufg.jp/gdocs/kinri/list_j/kinri/spot_rate.csv,USDJPY,T.T.B.,148.67
202502280724,2025-02-28,https://www.bk.mufg.jp/gdocs/kinri/list_j/kinri/spot_rate.csv,USDJPY,A/S,148.24
202502280724,2025-02-28,https://www.bk.mufg.jp/gdocs/kinri/list_j/kinri/spot_rate.csv,USDJPY,D/PED/A,147.94
202502280724,2025-02-28,https://www.bk.mufg.jp/gdocs/kinri/list_j/kinri/spot_rate.csv,USDJPY,CASH B.,146.67
202502280745,2025-02-28,https://www.bk.mufg.jp/gdocs/kinri/list_j/kinri/spot_rate.csv,USDJPY,T.T.S.,150.67
202502280745,2025-02-28,https://www.bk.mufg.jp/gdocs/kinri/list_j/kinri/spot_rate.csv,USDJPY,ACC.,151.1
202502280745,2025-02-28,https://www.bk.mufg.jp/gdocs/kinri/list_j/kinri/spot_rate.csv,USDJPY,CASH S.,152.47
202502280745,2025-02-28,https://www.bk.mufg.jp/gdocs/kinri/list_j/kinri/spot_rate.csv,USDJPY,T.T.B.,148.67
202502280745,2025-02-28,https://www.bk.mufg.jp/gdocs/kinri/list_j/kinri/spot_rate.csv,USDJPY,A/S,148.24
202502280745,2025-02-28,https://www.bk.mufg.jp/gdocs/kinri/list_j/kinri/spot_rate.csv,USDJPY,D/PED/A,147.94
202502280745,2025-02-28,https://www.bk.mufg.jp/gdocs/kinri/list_j/kinri/spot_rate.csv,USDJPY,CASH B.,146.67
202502282138,2025-02-28,https://www.bk.mufg.jp/gdocs/kinri/list_j/kinri/spot_rate.csv,USDJPY,T.T.S.,150.67
202502282138,2025-02-28,https://www.bk.mufg.jp/gdocs/kinri/list_j/kinri/spot_rate.csv,USDJPY,ACC.,151.1
202502282138,2025-02-28,https://www.bk.mufg.jp/gdocs/kinri/list_j/kinri/spot_rate.csv,USDJPY,CASH S.,152.47
202502282138,2025-02-28,https://www.bk.mufg.jp/gdocs/kinri/list_j/kinri/spot_rate.csv,USDJPY,T.T.B.,148.67
202502282138,2025-02-28,https://www.bk.mufg.jp/gdocs/kinri/list_j/kinri/spot_rate.csv,USDJPY,A/S,148.24
202502282138,2025-02-28,https://www.bk.mufg.jp/gdocs/kinri/list_j/kinri/spot_rate.csv,USDJPY,D/PED/A,147.94
202502282138,2025-02-28,https://www.bk.mufg.jp/gdocs/kinri/list_j/kinri/spot_rate.csv,USDJPY,CASH B.,146.67
202502282350,2025-02-28,https://www.bk.mufg.jp/gdocs/kinri/list_j/kinri/spot_rate.csv,USDJPY,T.T.S.,150.67
202502282350,2025-02-28,https://www.bk.mufg.jp/gdocs/kinri/list_j/kinri/spot_rate.csv,USDJPY,ACC.,151.1
202502282350,2025-02-28,https://www.bk.mufg.jp/gdocs/kinri/list_j/kinri/spot_rate.csv,USDJPY,CASH S.,152.47
202502282350,2025-02-28,https://www.bk.mufg.jp/gdocs/kinri/list_j/kinri/spot_rate.csv,USDJPY,T.T.B.,148.67
202502282350,2025-02-28,https://www.bk.mufg.jp/gdocs/kinri/list_j/kinri/spot_rate.csv,USDJPY,A/S,148.24
202502282350,2025-02-28,https://www.bk.mufg.jp/gdocs/kinri/list_j/kinri/spot_rate.csv,USDJPY,D/PED/A,147.94
202502282350,2025-02-28,https://www.bk.mufg.jp/gdocs/kinri/list_j/kinri/spot_rate.csv,USDJPY,CASH B.,146.67
202503010121,2025-02-28,https://www.bk.mufg.jp/gdocs/kinri/list_j/kinri/spot_rate.csv,USDJPY,T.T.S.,150.67
202503010121,2025-02-28,https://www.bk.mufg.jp/gdocs/kinri/list_j/kinri/spot_rate.csv,USDJPY,ACC.,151.1
202503010121,2025-02-28,https://www.bk.mufg.jp/gdocs/kinri/list_j/kinri/spot_rate.csv,USDJPY,CASH S.,152.47
202503010121,2025-02-28,https://www.bk.mufg.jp/gdocs/kinri/list_j/kinri/spot_rate.csv,USDJPY,T.T.B.,148.67
202503010121,2025-02-28,https://www.bk.mufg.jp/gdocs/kinri/list_j/kinri/spot_rate.csv,USDJPY,A/S,148.24
202503010121,2025-02-28,https://www.bk.mufg.jp/gdocs/kinri/list_j/kinri/spot_rate.csv,USDJPY,D/PED/A,147.94
202503010121,2025-02-28,https://www.bk.mufg.jp/gdocs/kinri/list_j/kinri/spot_rate.csv,USDJPY,CASH B.,146.67
202503010129,2025-02-28,https://www.bk.mufg.jp/gdocs/kinri/list_j/kinri/spot_rate.csv,USDJPY,T.T.S.,150.67
202503010129,2025-02-28,https://www.bk.mufg.jp/gdocs/kinri/list_j/kinri/spot_rate.csv,USDJPY,ACC.,151.1
202503010129,2025-02-28,https://www.bk.mufg.jp/gdocs/kinri/list_j/kinri/spot_rate.csv,USDJPY,CASH S.,152.47
202503010129,2025-02-28,https://www.bk.mufg.jp/gdocs/kinri/list_j/kinri/spot_rate.csv,USDJPY,T.T.B.,148.67
202503010129,2025-02-28,https://www.bk.mufg.jp/gdocs/kinri/list_j/kinri/spot_rate.csv,USDJPY,A/S,148.24
202503010129,2025-02-28,https://www.bk.mufg.jp/gdocs/kinri/list_j/kinri/spot_rate.csv,USDJPY,D/PED/A,147.94
202503010129,2025-02-28,https://www.bk.mufg.jp/gdocs/kinri/list_j/kinri/spot_rate.csv,USDJPY,CASH B.,146.67
202503010148,2025-02-28,https://www.bk.mufg.jp/gdocs/kinri/list_j/kinri/spot_rate.csv,USDJPY,T.T.S.,150.67
202503010148,2025-02-28,https://www.bk.mufg.jp/gdocs/kinri/list_j/kinri/spot_rate.csv,USDJPY,ACC.,151.1
202503010148,2025-02-28,https://www.bk.mufg.jp/gdocs/kinri/list_j/kinri/spot_rate.csv,USDJPY,CASH S.,152.47
202503010148,2025-02-28,https://www.bk.mufg.jp/gdocs/kinri/list_j/kinri/spot_rate.csv,USDJPY,T.T.B.,148.67
202503010148,2025-02-28,https://www.bk.mufg.jp/gdocs/kinri/list_j/kinri/spot_rate.csv,USDJPY,A/S,148.24
202503010148,2025-02-28,https://www.bk.mufg.jp/gdocs/kinri/list_j/kinri/spot_rate.csv,USDJPY,D/PED/A,147.94
202503010148,2025-02-28,https://www.bk.mufg.jp/gdocs/kinri/list_j/kinri/spot_rate.csv,USDJPY,CASH B.,146.67
202503010247,2025-02-28,https://www.bk.mufg.jp/gdocs/kinri/list_j/kinri/spot_rate.csv,USDJPY,T.T.S.,150.67
202503010247,2025-02-28,https://www.bk.mufg.jp/gdocs/kinri/list_j/kinri/spot_rate.csv,USDJPY,ACC.,151.1
202503010247,2025-02-28,https://www.bk.mufg.jp/gdocs/kinri/list_j/kinri/spot_rate.csv,USDJPY,CASH S.,152.47
202503010247,2025-02-28,https://www.bk.mufg.jp/gdocs/kinri/list_j/kinri/spot_rate.csv,USDJPY,T.T.B.,148.67
202503010247,2025-02-28,https://www.bk.mufg.jp/gdocs/kinri/list_j/kinri/spot_rate.csv,USDJPY,A/S,148.24
202503010247,2025-02-28,https://www.bk.mufg.jp/gdocs/kinri/list_j/kinri/spot_rate.csv,USDJPY,D/PED/A,147.94
202503010247,2025-02-28,https://www.bk.mufg.jp/gdocs/kinri/list_j/kinri/spot_rate.csv,USDJPY,CASH B.,146.67
202503010442,2025-02-28,https://www.bk.mufg.jp/gdocs/kinri/list_j/kinri/spot_rate.csv,USDJPY,T.T.S.,150.67
202503010442,2025-02-28,https://www.bk.mufg.jp/gdocs/kinri/list_j/kinri/spot_rate.csv,USDJPY,ACC.,151.1
202503010442,2025-02-28,https://www.bk.mufg.jp/gdocs/kinri/list_j/kinri/spot_rate.csv,USDJPY,CASH S.,152.47
202503010442,2025-02-28,https://www.bk.mufg.jp/gdocs/kinri/list_j/kinri/spot_rate.csv,USDJPY,T.T.B.,148.67
202503010442,2025-02-28,https://www.bk.mufg.jp/gdocs/kinri/list_j/kinri/spot_rate.csv,USDJPY,A/S,148.24
202503010442,2025-02-28,https://www.bk.mufg.jp/gdocs/kinri/list_j/kinri/spot_rate.csv,USDJPY,D/PED/A,147.94
202503010442,2025-02-28,https://www.bk.mufg.jp/gdocs/kinri/list_j/kinri/spot_rate.csv,USDJPY,CASH B.,146.67
202503010452,2025-02-28,https://www.bk.mufg.jp/gdocs/kinri/list_j/kinri/spot_rate.csv,USDJPY,T.T.S.,150.67
202503010452,2025-02-28,https://www.bk.mufg.jp/gdocs/kinri/list_j/kinri/spot_rate.csv,USDJPY,ACC.,151.1
202503010452,2025-02-28,https://www.bk.mufg.jp/gdocs/kinri/list_j/kinri/spot_rate.csv,USDJPY,CASH S.,152.47
202503010452,2025-02-28,https://www.bk.mufg.jp/gdocs/kinri/list_j/kinri/spot_rate.csv,USDJPY,T.T.B.,148.67
202503010452,2025-02-28,https://www.bk.mufg.jp/gdocs/kinri/list_j/kinri/spot_rate.csv,USDJPY,A/S,148.24
202503010452,2025-02-28,https://www.bk.mufg.jp/gdocs/kinri/list_j/kinri/spot_rate.csv,USDJPY,D/PED/A,147.94
202503010452,2025-02-28,https://www.bk.mufg.jp/gdocs/kinri/list_j/kinri/spot_rate.csv,USDJPY,CASH B.,146.67
202503010503,2025-02-28,https://www.bk.mufg.jp/gdocs/kinri/list_j/kinri/spot_rate.csv,USDJPY,T.T.S.,150.67
202503010503,2025-02-28,https://www.bk.mufg.jp/gdocs/kinri/list_j/kinri/spot_rate.csv,USDJPY,ACC.,151.1
202503010503,2025-02-28,https://www.bk.mufg.jp/gdocs/kinri/list_j/kinri/spot_rate.csv,USDJPY,CASH S.,152.47
202503010503,2025-02-28,https://www.bk.mufg.jp/gdocs/kinri/list_j/kinri/spot_rate.csv,USDJPY,T.T.B.,148.67
202503010503,2025-02-28,https://www.bk.mufg.jp/gdocs/kinri/list_j/kinri/spot_rate.csv,USDJPY,A/S,148.24
202503010503,2025-02-28,https://www.bk.mufg.jp/gdocs/kinri/list_j/kinri/spot_rate.csv,USDJPY,D/PED/A,147.94
202503010503,2025-02-28,https://www.bk.mufg.jp/gdocs/kinri/list_j/kinri/spot_rate.csv,USDJPY,CASH B.,146.67
202503010516,2025-02-28,https://www.bk.mufg.jp/gdocs/kinri/list_j/kinri/spot_rate.csv,USDJPY,T.T.S.,150.67
202503010516,2025-02-28,https://www.bk.mufg.jp/gdocs/kinri/list_j/kinri/spot_rate.csv,USDJPY,ACC.,151.1
202503010516,2025-02-28,https://www.bk.mufg.jp/gdocs/kinri/list_j/kinri/spot_rate.csv,USDJPY,CASH S.,152.47
202503010516,2025-02-28,https://www.bk.mufg.jp/gdocs/kinri/list_j/kinri/spot_rate.csv,USDJPY,T.T.B.,148.67
202503010516,2025-02-28,https://www.bk.mufg.jp/gdocs/kinri/list_j/kinri/spot_rate.csv,USDJPY,A/S,148.24
202503010516,2025-02-28,https://www.bk.mufg.jp/gdocs/kinri/list_j/kinri/spot_rate.csv,USDJPY,D/PED/A,147.94
202503010516,2025-02-28,https://www.bk.mufg.jp/gdocs/kinri/list_j/kinri/spot_rate.csv,USDJPY,CASH B.,146.67
202503010548,2025-02-28,https://www.bk.mufg.jp/gdocs/kinri/list_j/kinri/spot_rate.csv,USDJPY,T.T.S.,150.67
202503010548,2025-02-28,https://www.bk.mufg.jp/gdocs/kinri/list_j/kinri/spot_rate.csv,USDJPY,ACC.,151.1
202503010548,2025-02-28,https://www.bk.mufg.jp/gdocs/kinri/list_j/kinri/spot_rate.csv,USDJPY,CASH S.,152.47
202503010548,2025-02-28,https://www.bk.mufg.jp/gdocs/kinri/list_j/kinri/spot_rate.csv,USDJPY,T.T.B.,148.67
202503010548,2025-02-28,https://www.bk.mufg.jp/gdocs/kinri/list_j/kinri/spot_rate.csv,USDJPY,A/S,148.24
202503010548,2025-02-28,https://www.bk.mufg.jp/gdocs/kinri/list_j/kinri/spot_rate.csv,USDJPY,D/PED/A,147.94
202503010548,2025-02-28,https://www.bk.mufg.jp/gdocs/kinri/list_j/kinri/spot_rate.csv,USDJPY,CASH B.,146.67
202503010555,2025-02-28,https://www.bk.mufg.jp/gdocs/kinri/list_j/kinri/spot_rate.csv,USDJPY,T.T.S.,150.67
202503010555,2025-02-28,https://www.bk.mufg.jp/gdocs/kinri/list_j/kinri/spot_rate.csv,USDJPY,ACC.,151.1
202503010555,2025-02-28,https://www.bk.mufg.jp/gdocs/kinri/list_j/kinri/spot_rate.csv,USDJPY,CASH S.,152.47
202503010555,2025-02-28,https://www.bk.mufg.jp/gdocs/kinri/list_j/kinri/spot_rate.csv,USDJPY,T.T.B.,148.67
202503010555,2025-02-28,https://www.bk.mufg.jp/gdocs/kinri/list_j/kinri/spot_rate.csv,USDJPY,A/S,148.24
202503010555,2025-02-28,https://www.bk.mufg.jp/gdocs/kinri/list_j/kinri/spot_rate.csv,USDJPY,D/PED/A,147.94
202503010555,2025-02-28,https://www.bk.mufg.jp/gdocs/kinri/list_j/kinri/spot_rate.csv,USDJPY,CASH B.,146.67
202503011100,2025-02-28,https://www.bk.mufg.jp/gdocs/kinri/list_j/kinri/spot_rate.csv,USDJPY,T.T.S.,150.67
202503011100,2025-02-28,https://www.bk.mufg.jp/gdocs/kinri/list_j/kinri/spot_rate.csv,USDJPY,ACC.,151.1
202503011100,2025-02-28,https://www.bk.mufg.jp/gdocs/kinri/list_j/kinri/spot_rate.csv,USDJPY,CASH S.,152.47
202503011100,2025-02-28,https://www.bk.mufg.jp/gdocs/kinri/list_j/kinri/spot_rate.csv,USDJPY,T.T.B.,148.67
202503011100,2025-02-28,https://www.bk.mufg.jp/gdocs/kinri/list_j/kinri/spot_rate.csv,USDJPY,A/S,148.24
202503011100,2025-02-28,https://www.bk.mufg.jp/gdocs/kinri/list_j/kinri/spot_rate.csv,USDJPY,D/PED/A,147.94
202503011100,2025-02-28,https://www.bk.mufg.jp/gdocs/kinri/list_j/kinri/spot_rate.csv,USDJPY,CASH B.,146.67
202503011106,2025-02-28,https://www.bk.mufg.jp/gdocs/kinri/list_j/kinri/spot_rate.csv,USDJPY,T.T.S.,150.67
202503011106,2025-02-28,https://www.bk.mufg.jp/gdocs/kinri/list_j/kinri/spot_rate.csv,USDJPY,ACC.,151.1
202503011106,2025-02-28,https://www.bk.mufg.jp/gdocs/kinri/list_j/kinri/spot_rate.csv,USDJPY,CASH S.,152.47
202503011106,2025-02-28,https://www.bk.mufg.jp/gdocs/kinri/list_j/kinri/spot_rate.csv,USDJPY,T.T.B.,148.67
202503011106,2025-02-28,https://www.bk.mufg.jp/gdocs/kinri/list_j/kinri/spot_rate.csv,USDJPY,A/S,148.24
202503011106,2025-02-28,https://www.bk.mufg.jp/gdocs/kinri/list_j/kinri/spot_rate.csv,USDJPY,D/PED/A,147.94
202503011106,2025-02-28,https://www.bk.mufg.jp/gdocs/kinri/list_j/kinri/spot_rate.csv,USDJPY,CASH B.,146.67
202503020054,2025-02-28,https://www.bk.mufg.jp/gdocs/kinri/list_j/kinri/spot_rate.csv,USDJPY,T.T.S.,150.67
202503020054,2025-02-28,https://www.bk.mufg.jp/gdocs/kinri/list_j/kinri/spot_rate.csv,USDJPY,ACC.,151.1
202503020054,2025-02-28,https://www.bk.mufg.jp/gdocs/kinri/list_j/kinri/spot_rate.csv,USDJPY,CASH S.,152.47
202503020054,2025-02-28,https://www.bk.mufg.jp/gdocs/kinri/list_j/kinri/spot_rate.csv,USDJPY,T.T.B.,148.67
202503020054,2025-02-28,https://www.bk.mufg.jp/gdocs/kinri/list_j/kinri/spot_rate.csv,USDJPY,A/S,148.24
202503020054,2025-02-28,https://www.bk.mufg.jp/gdocs/kinri/list_j/kinri/spot_rate.csv,USDJPY,D/PED/A,147.94
202503020054,2025-02-28,https://www.bk.mufg.jp/gdocs/kinri/list_j/kinri/spot_rate.csv,USDJPY,CASH B.,146.67
202503020116,2025-02-28,https://www.bk.mufg.jp/gdocs/kinri/list_j/kinri/spot_rate.csv,USDJPY,T.T.S.,150.67
202503020116,2025-02-28,https://www.bk.mufg.jp/gdocs/kinri/list_j/kinri/spot_rate.csv,USDJPY,ACC.,151.1
202503020116,2025-02-28,https://www.bk.mufg.jp/gdocs/kinri/list_j/kinri/spot_rate.csv,USDJPY,CASH S.,152.47
202503020116,2025-02-28,https://www.bk.mufg.jp/gdocs/kinri/list_j/kinri/spot_rate.csv,USDJPY,T.T.B.,148.67
202503020116,2025-02-28,https://www.bk.mufg.jp/gdocs/kinri/list_j/kinri/spot_rate.csv,USDJPY,A/S,148.24
202503020116,2025-02-28,https://www.bk.mufg.jp/gdocs/kinri/list_j/kinri/spot_rate.csv,USDJPY,D/PED/A,147.94
202503020116,2025-02-28,https://www.bk.mufg.jp/gdocs/kinri/list_j/kinri/spot_rate.csv,USDJPY,CASH B.,146.67
202503020131,2025-02-28,https://www.bk.mufg.jp/gdocs/kinri/list_j/kinri/spot_rate.csv,USDJPY,T.T.S.,150.67
202503020131,2025-02-28,https://www.bk.mufg.jp/gdocs/kinri/list_j/kinri/spot_rate.csv,USDJPY,ACC.,151.1
202503020131,2025-02-28,https://www.bk.mufg.jp/gdocs/kinri/list_j/kinri/spot_rate.csv,USDJPY,CASH S.,152.47
202503020131,2025-02-28,https://www.bk.mufg.jp/gdocs/kinri/list_j/kinri/spot_rate.csv,USDJPY,T.T.B.,148.67
202503020131,2025-02-28,https://www.bk.mufg.jp/gdocs/kinri/list_j/kinri/spot_rate.csv,USDJPY,A/S,148.24
202503020131,2025-02-28,https://www.bk.mufg.jp/gdocs/kinri/list_j/kinri/spot_rate.csv,USDJPY,D/PED/A,147.94
202503020131,2025-02-28,https://www.bk.mufg.jp/gdocs/kinri/list_j/kinri/spot_rate.csv,USDJPY,CASH B.,146.67
202503020246,2025-02-28,https://www.bk.mufg.jp/gdocs/kinri/list_j/kinri/spot_rate.csv,USDJPY,T.T.S.,150.67
202503020246,2025-02-28,https://www.bk.mufg.jp/gdocs/kinri/list_j/kinri/spot_rate.csv,USDJPY,ACC.,151.1
202503020246,2025-02-28,https://www.bk.mufg.jp/gdocs/kinri/list_j/kinri/spot_rate.csv,USDJPY,CASH S.,152.47
202503020246,2025-02-28,https://www.bk.mufg.jp/gdocs/kinri/list_j/kinri/spot_rate.csv,USDJPY,T.T.B.,148.67
202503020246,2025-02-28,https://www.bk.mufg.jp/gdocs/kinri/list_j/kinri/spot_rate.csv,USDJPY,A/S,148.24
202503020246,2025-02-28,https://www.bk.mufg.jp/gdocs/kinri/list_j/kinri/spot_rate.csv,USDJPY,D/PED/A,147.94
202503020246,2025-02-28,https://www.bk.mufg.jp/gdocs/kinri/list_j/kinri/spot_rate.csv,USDJPY,CASH B.,146.67
202503020338,2025-02-28,https://www.bk.mufg.jp/gdocs/kinri/list_j/kinri/spot_rate.csv,USDJPY,T.T.S.,150.67
202503020338,2025-02-28,https://www.bk.mufg.jp/gdocs/kinri/list_j/kinri/spot_rate.csv,USDJPY,ACC.,151.1
202503020338,2025-02-28,https://www.bk.mufg.jp/gdocs/kinri/list_j/kinri/spot_rate.csv,USDJPY,CASH S.,152.47
202503020338,2025-02-28,https://www.bk.mufg.jp/gdocs/kinri/list_j/kinri/spot_rate.csv,USDJPY,T.T.B.,148.67
202503020338,2025-02-28,https://www.bk.mufg.jp/gdocs/kinri/list_j/kinri/spot_rate.csv,USDJPY,A/S,148.24
202503020338,2025-02-28,https://www.bk.mufg.jp/gdocs/kinri/list_j/kinri/spot_rate.csv,USDJPY,D/PED/A,147.94
202503020338,2025-02-28,https://www.bk.mufg.jp/gdocs/kinri/list_j/kinri/spot_rate.csv,USDJPY,CASH B.,146.67
202503020345,2025-02-28,https://www.bk.mufg.jp/gdocs/kinri/list_j/kinri/spot_rate.csv,USDJPY,T.T.S.,150.67
202503020345,2025-02-28,https://www.bk.mufg.jp/gdocs/kinri/list_j/kinri/spot_rate.csv,USDJPY,ACC.,151.1
202503020345,2025-02-28,https://www.bk.mufg.jp/gdocs/kinri/list_j/kinri/spot_rate.csv,USDJPY,CASH S.,152.47
202503020345,2025-02-28,https://www.bk.mufg.jp/gdocs/kinri/list_j/kinri/spot_rate.csv,USDJPY,T.T.B.,148.67
202503020345,2025-02-28,https://www.bk.mufg.jp/gdocs/kinri/list_j/kinri/spot_rate.csv,USDJPY,A/S,148.24
202503020345,2025-02-28,https://www.bk.mufg.jp/gdocs/kinri/list_j/kinri/spot_rate.csv,USDJPY,D/PED/A,147.94
202503020345,2025-02-28,https://www.bk.mufg.jp/gdocs/kinri/list_j/kinri/spot_rate.csv,USDJPY,CASH B.,146.67
202503020409,2025-02-28,https://www.bk.mufg.jp/gdocs/kinri/list_j/kinri/spot_rate.csv,USDJPY,T.T.S.,150.67
202503020409,2025-02-28,https://www.bk.mufg.jp/gdocs/kinri/list_j/kinri/spot_rate.csv,USDJPY,ACC.,151.1
202503020409,2025-02-28,https://www.bk.mufg.jp/gdocs/kinri/list_j/kinri/spot_rate.csv,USDJPY,CASH S.,152.47
202503020409,2025-02-28,https://www.bk.mufg.jp/gdocs/kinri/list_j/kinri/spot_rate.csv,USDJPY,T.T.B.,148.67
202503020409,2025-02-28,https://www.bk.mufg.jp/gdocs/kinri/list_j/kinri/spot_rate.csv,USDJPY,A/S,148.24
202503020409,2025-02-28,https://www.bk.mufg.jp/gdocs/kinri/list_j/kinri/spot_rate.csv,USDJPY,D/PED/A,147.94
202503020409,2025-02-28,https://www.bk.mufg.jp/gdocs/kinri/list_j/kinri/spot_rate.csv,USDJPY,CASH B.,146.67
202503020416,2025-02-28,https://www.bk.mufg.jp/gdocs/kinri/list_j/kinri/spot_rate.csv,USDJPY,T.T.S.,150.67
202503020416,2025-02-28,https://www.bk.mufg.jp/gdocs/kinri/list_j/kinri/spot_rate.csv,USDJPY,ACC.,151.1
202503020416,2025-02-28,https://www.bk.mufg.jp/gdocs/kinri/list_j/kinri/spot_rate.csv,USDJPY,CASH S.,152.47
202503020416,2025-02-28,https://www.bk.mufg.jp/gdocs/kinri/list_j/kinri/spot_rate.csv,USDJPY,T.T.B.,148.67
202503020416,2025-02-28,https://www.bk.mufg.jp/gdocs/kinri/list_j/kinri/spot_rate.csv,USDJPY,A/S,148.24
202503020416,2025-02-28,https://www.bk.mufg.jp/gdocs/kinri/list_j/kinri/spot_rate.csv,USDJPY,D/PED/A,147.94
202503020416,2025-02-28,https://www.bk.mufg.jp/gdocs/kinri/list_j/kinri/spot_rate.csv,USDJPY,CASH B.,146.67
202503020430,2025-02-28,https://www.bk.mufg.jp/gdocs/kinri/list_j/kinri/spot_rate.csv,USDJPY,T.T.S.,150.67
202503020430,2025-02-28,https://www.bk.mufg.jp/gdocs/kinri/list_j/kinri/spot_rate.csv,USDJPY,ACC.,151.1
202503020430,2025-02-28,https://www.bk.mufg.jp/gdocs/kinri/list_j/kinri/spot_rate.csv,USDJPY,CASH S.,152.47
202503020430,2025-02-28,https://www.bk.mufg.jp/gdocs/kinri/list_j/kinri/spot_rate.csv,USDJPY,T.T.B.,148.67
202503020430,2025-02-28,https://www.bk.mufg.jp/gdocs/kinri/list_j/kinri/spot_rate.csv,USDJPY,A/S,148.24
202503020430,2025-02-28,https://www.bk.mufg.jp/gdocs/kinri/list_j/kinri/spot_rate.csv,USDJPY,D/PED/A,147.94
202503020430,2025-02-28,https://www.bk.mufg.jp/gdocs/kinri/list_j/kinri/spot_rate.csv,USDJPY,CASH B.,146.67
202503022334,2025-02-28,https://www.bk.mufg.jp/gdocs/kinri/list_j/kinri/spot_rate.csv,USDJPY,T.T.S.,150.67
202503022334,2025-02-28,https://www.bk.mufg.jp/gdocs/kinri/list_j/kinri/spot_rate.csv,USDJPY,ACC.,151.1
202503022334,2025-02-28,https://www.bk.mufg.jp/gdocs/kinri/list_j/kinri/spot_rate.csv,USDJPY,CASH S.,152.47
202503022334,2025-02-28,https://www.bk.mufg.jp/gdocs/kinri/list_j/kinri/spot_rate.csv,USDJPY,T.T.B.,148.67
202503022334,2025-02-28,https://www.bk.mufg.jp/gdocs/kinri/list_j/kinri/spot_rate.csv,USDJPY,A/S,148.24
202503022334,2025-02-28,https://www.bk.mufg.jp/gdocs/kinri/list_j/kinri/spot_rate.csv,USDJPY,D/PED/A,147.94
202503022334,2025-02-28,https://www.bk.mufg.jp/gdocs/kinri/list_j/kinri/spot_rate.csv,USDJPY,CASH B.,146.67
202503030245,2025-03-03,https://www.bk.mufg.jp/gdocs/kinri/list_j/kinri/spot_rate.csv,USDJPY,T.T.S.,151.56
202503030245,2025-03-03,https://www.bk.mufg.jp/gdocs/kinri/list_j/kinri/spot_rate.csv,USDJPY,ACC.,151.99
202503030245,2025-03-03,https://www.bk.mufg.jp/gdocs/kinri/list_j/kinri/spot_rate.csv,USDJPY,CASH S.,153.36
202503030245,2025-03-03,https://www.bk.mufg.jp/gdocs/kinri/list_j/kinri/spot_rate.csv,USDJPY,T.T.B.,149.56
202503030245,2025-03-03,https://www.bk.mufg.jp/gdocs/kinri/list_j/kinri/spot_rate.csv,USDJPY,A/S,149.13
202503030245,2025-03-03,https://www.bk.mufg.jp/gdocs/kinri/list_j/kinri/spot_rate.csv,USDJPY,D/PED/A,148.83
202503030245,2025-03-03,https://www.bk.mufg.jp/gdocs/kinri/list_j/kinri/spot_rate.csv,USDJPY,CASH B.,147.56
202503040245,2025-03-04,https://www.bk.mufg.jp/gdocs/kinri/list_j/kinri/spot_rate.csv,USDJPY,T.T.S.,150.26
202503040245,2025-03-04,https://www.bk.mufg.jp/gdocs/kinri/list_j/kinri/spot_rate.csv,USDJPY,ACC.,150.69
202503040245,2025-03-04,https://www.bk.mufg.jp/gdocs/kinri/list_j/kinri/spot_rate.csv,USDJPY,CASH S.,152.06
202503040245,2025-03-04,https://www.bk.mufg.jp/gdocs/kinri/list_j/kinri/spot_rate.csv,USDJPY,T.T.B.,148.26
202503040245,2025-03-04,https://www.bk.mufg.jp/gdocs/kinri/list_j/kinri/spot_rate.csv,USDJPY,A/S,147.83
202503040245,2025-03-04,https://www.bk.mufg.jp/gdocs/kinri/list_j/kinri/spot_rate.csv,USDJPY,D/PED/A,147.53
202503040245,2025-03-04,https://www.bk.mufg.jp/gdocs/kinri/list_j/kinri/spot_rate.csv,USDJPY,CASH B.,146.26
202503050244,2025-03-05,https://www.bk.mufg.jp/gdocs/kinri/list_j/kinri/spot_rate.csv,USDJPY,T.T.S.,150.87
202503050244,2025-03-05,https://www.bk.mufg.jp/gdocs/kinri/list_j/kinri/spot_rate.csv,USDJPY,ACC.,151.3
202503050244,2025-03-05,https://www.bk.mufg.jp/gdocs/kinri/list_j/kinri/spot_rate.csv,USDJPY,CASH S.,152.67
202503050244,2025-03-05,https://www.bk.mufg.jp/gdocs/kinri/list_j/kinri/spot_rate.csv,USDJPY,T.T.B.,148.87
202503050244,2025-03-05,https://www.bk.mufg.jp/gdocs/kinri/list_j/kinri/spot_rate.csv,USDJPY,A/S,148.44
202503050244,2025-03-05,https://www.bk.mufg.jp/gdocs/kinri/list_j/kinri/spot_rate.csv,USDJPY,D/PED/A,148.14
202503050244,2025-03-05,https://www.bk.mufg.jp/gdocs/kinri/list_j/kinri/spot_rate.csv,USDJPY,CASH B.,146.87
202503060245,2025-03-06,https://www.bk.mufg.jp/gdocs/kinri/list_j/kinri/spot_rate.csv,USDJPY,T.T.S.,150.25
202503060245,2025-03-06,https://www.bk.mufg.jp/gdocs/kinri/list_j/kinri/spot_rate.csv,USDJPY,ACC.,150.68
202503060245,2025-03-06,https://www.bk.mufg.jp/gdocs/kinri/list_j/kinri/spot_rate.csv,USDJPY,CASH S.,152.05
202503060245,2025-03-06,https://www.bk.mufg.jp/gdocs/kinri/list_j/kinri/spot_rate.csv,USDJPY,T.T.B.,148.25
202503060245,2025-03-06,https://www.bk.mufg.jp/gdocs/kinri/list_j/kinri/spot_rate.csv,USDJPY,A/S,147.82
202503060245,2025-03-06,https://www.bk.mufg.jp/gdocs/kinri/list_j/kinri/spot_rate.csv,USDJPY,D/PED/A,147.52
202503060245,2025-03-06,https://www.bk.mufg.jp/gdocs/kinri/list_j/kinri/spot_rate.csv,USDJPY,CASH B.,146.25
202503070246,2025-03-07,https://www.bk.mufg.jp/gdocs/kinri/list_j/kinri/spot_rate.csv,USDJPY,T.T.S.,149.07
202503070246,2025-03-07,https://www.bk.mufg.jp/gdocs/kinri/list_j/kinri/spot_rate.csv,USDJPY,ACC.,149.5
202503070246,2025-03-07,https://www.bk.mufg.jp/gdocs/kinri/list_j/kinri/spot_rate.csv,USDJPY,CASH S.,150.87
202503070246,2025-03-07,https://www.bk.mufg.jp/gdocs/kinri/list_j/kinri/spot_rate.csv,USDJPY,T.T.B.,147.07
202503070246,2025-03-07,https://www.bk.mufg.jp/gdocs/kinri/list_j/kinri/spot_rate.csv,USDJPY,A/S,146.64
202503070246,2025-03-07,https://www.bk.mufg.jp/gdocs/kinri/list_j/kinri/spot_rate.csv,USDJPY,D/PED/A,146.34
202503070246,2025-03-07,https://www.bk.mufg.jp/gdocs/kinri/list_j/kinri/spot_rate.csv,USDJPY,CASH B.,145.07
202503080218,2025-03-07,https://www.bk.mufg.jp/gdocs/kinri/list_j/kinri/spot_rate.csv,USDJPY,T.T.S.,149.07
202503080218,2025-03-07,https://www.bk.mufg.jp/gdocs/kinri/list_j/kinri/spot_rate.csv,USDJPY,ACC.,149.5
202503080218,2025-03-07,https://www.bk.mufg.jp/gdocs/kinri/list_j/kinri/spot_rate.csv,USDJPY,CASH S.,150.87
202503080218,2025-03-07,https://www.bk.mufg.jp/gdocs/kinri/list_j/kinri/spot_rate.csv,USDJPY,T.T.B.,147.07
202503080218,2025-03-07,https://www.bk.mufg.jp/gdocs/kinri/list_j/kinri/spot_rate.csv,USDJPY,A/S,146.64
202503080218,2025-03-07,https://www.bk.mufg.jp/gdocs/kinri/list_j/kinri/spot_rate.csv,USDJPY,D/PED/A,146.34
202503080218,2025-03-07,https://www.bk.mufg.jp/gdocs/kinri/list_j/kinri/spot_rate.csv,USDJPY,CASH B.,145.07
202503090222,2025-03-07,https://www.bk.mufg.jp/gdocs/kinri/list_j/kinri/spot_rate.csv,USDJPY,T.T.S.,149.07
202503090222,2025-03-07,https://www.bk.mufg.jp/gdocs/kinri/list_j/kinri/spot_rate.csv,USDJPY,ACC.,149.5
202503090222,2025-03-07,https://www.bk.mufg.jp/gdocs/kinri/list_j/kinri/spot_rate.csv,USDJPY,CASH S.,150.87
202503090222,2025-03-07,https://www.bk.mufg.jp/gdocs/kinri/list_j/kinri/spot_rate.csv,USDJPY,T.T.B.,147.07
202503090222,2025-03-07,https://www.bk.mufg.jp/gdocs/kinri/list_j/kinri/spot_rate.csv,USDJPY,A/S,146.64
202503090222,2025-03-07,https://www.bk.mufg.jp/gdocs/kinri/list_j/kinri/spot_rate.csv,USDJPY,D/PED/A,146.34
202503090222,2025-03-07,https://www.bk.mufg.jp/gdocs/kinri/list_j/kinri/spot_rate.csv,USDJPY,CASH B.,145.07
202503100224,2025-03-10,https://www.bk.mufg.jp/gdocs/kinri/list_j/kinri/spot_rate.csv,USDJPY,T.T.S.,148.38
202503100224,2025-03-10,https://www.bk.mufg.jp/gdocs/kinri/list_j/kinri/spot_rate.csv,USDJPY,ACC.,148.81
202503100224,2025-03-10,https://www.bk.mufg.jp/gdocs/kinri/list_j/kinri/spot_rate.csv,USDJPY,CASH S.,150.18
202503100224,2025-03-10,https://www.bk.mufg.jp/gdocs/kinri/list_j/kinri/spot_rate.csv,USDJPY,T.T.B.,146.38
202503100224,2025-03-10,https://www.bk.mufg.jp/gdocs/kinri/list_j/kinri/spot_rate.csv,USDJPY,A/S,145.95
202503100224,2025-03-10,https://www.bk.mufg.jp/gdocs/kinri/list_j/kinri/spot_rate.csv,USDJPY,D/PED/A,145.65
202503100224,2025-03-10,https://www.bk.mufg.jp/gdocs/kinri/list_j/kinri/spot_rate.csv,USDJPY,CASH B.,144.38
202503110246,2025-03-11,https://www.bk.mufg.jp/gdocs/kinri/list_j/kinri/spot_rate.csv,USDJPY,T.T.S.,147.68
202503110246,2025-03-11,https://www.bk.mufg.jp/gdocs/kinri/list_j/kinri/spot_rate.csv,USDJPY,ACC.,148.11
202503110246,2025-03-11,https://www.bk.mufg.jp/gdocs/kinri/list_j/kinri/spot_rate.csv,USDJPY,CASH S.,149.48
202503110246,2025-03-11,https://www.bk.mufg.jp/gdocs/kinri/list_j/kinri/spot_rate.csv,USDJPY,T.T.B.,145.68
202503110246,2025-03-11,https://www.bk.mufg.jp/gdocs/kinri/list_j/kinri/spot_rate.csv,USDJPY,A/S,145.25
202503110246,2025-03-11,https://www.bk.mufg.jp/gdocs/kinri/list_j/kinri/spot_rate.csv,USDJPY,D/PED/A,144.95
202503110246,2025-03-11,https://www.bk.mufg.jp/gdocs/kinri/list_j/kinri/spot_rate.csv,USDJPY,CASH B.,143.68
202503120245,2025-03-12,https://www.bk.mufg.jp/gdocs/kinri/list_j/kinri/spot_rate.csv,USDJPY,T.T.S.,149.08
202503120245,2025-03-12,https://www.bk.mufg.jp/gdocs/kinri/list_j/kinri/spot_rate.csv,USDJPY,ACC.,149.51
202503120245,2025-03-12,https://www.bk.mufg.jp/gdocs/kinri/list_j/kinri/spot_rate.csv,USDJPY,CASH S.,150.88
202503120245,2025-03-12,https://www.bk.mufg.jp/gdocs/kinri/list_j/kinri/spot_rate.csv,USDJPY,T.T.B.,147.08
202503120245,2025-03-12,https://www.bk.mufg.jp/gdocs/kinri/list_j/kinri/spot_rate.csv,USDJPY,A/S,146.65
202503120245,2025-03-12,https://www.bk.mufg.jp/gdocs/kinri/list_j/kinri/spot_rate.csv,USDJPY,D/PED/A,146.35
202503120245,2025-03-12,https://www.bk.mufg.jp/gdocs/kinri/list_j/kinri/spot_rate.csv,USDJPY,CASH B.,145.08
202503130247,2025-03-13,https://www.bk.mufg.jp/gdocs/kinri/list_j/kinri/spot_rate.csv,USDJPY,T.T.S.,149.31
202503130247,2025-03-13,https://www.bk.mufg.jp/gdocs/kinri/list_j/kinri/spot_rate.csv,USDJPY,ACC.,149.74
202503130247,2025-03-13,https://www.bk.mufg.jp/gdocs/kinri/list_j/kinri/spot_rate.csv,USDJPY,CASH S.,151.11
202503130247,2025-03-13,https://www.bk.mufg.jp/gdocs/kinri/list_j/kinri/spot_rate.csv,USDJPY,T.T.B.,147.31
202503130247,2025-03-13,https://www.bk.mufg.jp/gdocs/kinri/list_j/kinri/spot_rate.csv,USDJPY,A/S,146.88
202503130247,2025-03-13,https://www.bk.mufg.jp/gdocs/kinri/list_j/kinri/spot_rate.csv,USDJPY,D/PED/A,146.58
202503130247,2025-03-13,https://www.bk.mufg.jp/gdocs/kinri/list_j/kinri/spot_rate.csv,USDJPY,CASH B.,145.31
202503140245,2025-03-14,https://www.bk.mufg.jp/gdocs/kinri/list_j/kinri/spot_rate.csv,USDJPY,T.T.S.,149.35
202503140245,2025-03-14,https://www.bk.mufg.jp/gdocs/kinri/list_j/kinri/spot_rate.csv,USDJPY,ACC.,149.78
202503140245,2025-03-14,https://www.bk.mufg.jp/gdocs/kinri/list_j/kinri/spot_rate.csv,USDJPY,CASH S.,151.15
202503140245,2025-03-14,https://www.bk.mufg.jp/gdocs/kinri/list_j/kinri/spot_rate.csv,USDJPY,T.T.B.,147.35
202503140245,2025-03-14,https://www.bk.mufg.jp/gdocs/kinri/list_j/kinri/spot_rate.csv,USDJPY,A/S,146.92
202503140245,2025-03-14,https://www.bk.mufg.jp/gdocs/kinri/list_j/kinri/spot_rate.csv,USDJPY,D/PED/A,146.62
202503140245,2025-03-14,https://www.bk.mufg.jp/gdocs/kinri/list_j/kinri/spot_rate.csv,USDJPY,CASH B.,145.35
202503150243,2025-03-14,https://www.bk.mufg.jp/gdocs/kinri/list_j/kinri/spot_rate.csv,USDJPY,T.T.S.,149.35
202503150243,2025-03-14,https://www.bk.mufg.jp/gdocs/kinri/list_j/kinri/spot_rate.csv,USDJPY,ACC.,149.78
202503150243,2025-03-14,https://www.bk.mufg.jp/gdocs/kinri/list_j/kinri/spot_rate.csv,USDJPY,CASH S.,151.15
202503150243,2025-03-14,https://www.bk.mufg.jp/gdocs/kinri/list_j/kinri/spot_rate.csv,USDJPY,T.T.B.,147.35
202503150243,2025-03-14,https://www.bk.mufg.jp/gdocs/kinri/list_j/kinri/spot_rate.csv,USDJPY,A/S,146.92
202503150243,2025-03-14,https://www.bk.mufg.jp/gdocs/kinri/list_j/kinri/spot_rate.csv,USDJPY,D/PED/A,146.62
202503150243,2025-03-14,https://www.bk.mufg.jp/gdocs/kinri/list_j/kinri/spot_rate.csv,USDJPY,CASH B.,145.35
202503160250,2025-03-14,https://www.bk.mufg.jp/gdocs/kinri/list_j/kinri/spot_rate.csv,USDJPY,T.T.S.,149.35
202503160250,2025-03-14,https://www.bk.mufg.jp/gdocs/kinri/list_j/kinri/spot_rate.csv,USDJPY,ACC.,149.78
202503160250,2025-03-14,https://www.bk.mufg.jp/gdocs/kinri/list_j/kinri/spot_rate.csv,USDJPY,CASH S.,151.15
202503160250,2025-03-14,https://www.bk.mufg.jp/gdocs/kinri/list_j/kinri/spot_rate.csv,USDJPY,T.T.B.,147.35
202503160250,2025-03-14,https://www.bk.mufg.jp/gdocs/kinri/list_j/kinri/spot_rate.csv,USDJPY,A/S,146.92
202503160250,2025-03-14,https://www.bk.mufg.jp/gdocs/kinri/list_j/kinri/spot_rate.csv,USDJPY,D/PED/A,146.62
202503160250,2025-03-14,https://www.bk.mufg.jp/gdocs/kinri/list_j/kinri/spot_rate.csv,USDJPY,CASH B.,145.35
202503170249,2025-03-17,https://www.bk.mufg.jp/gdocs/kinri/list_j/kinri/spot_rate.csv,USDJPY,T.T.S.,149.84
202503170249,2025-03-17,https://www.bk.mufg.jp/gdocs/kinri/list_j/kinri/spot_rate.csv,USDJPY,ACC.,150.27
202503170249,2025-03-17,https://www.bk.mufg.jp/gdocs/kinri/list_j/kinri/spot_rate.csv,USDJPY,CASH S.,151.64
202503170249,2025-03-17,https://www.bk.mufg.jp/gdocs/kinri/list_j/kinri/spot_rate.csv,USDJPY,T.T.B.,147.84
202503170249,2025-03-17,https://www.bk.mufg.jp/gdocs/kinri/list_j/kinri/spot_rate.csv,USDJPY,A/S,147.41
202503170249,2025-03-17,https://www.bk.mufg.jp/gdocs/kinri/list_j/kinri/spot_rate.csv,USDJPY,D/PED/A,147.11
202503170249,2025-03-17,https://www.bk.mufg.jp/gdocs/kinri/list_j/kinri/spot_rate.csv,USDJPY,CASH B.,145.84
202503180248,2025-03-18,https://www.bk.mufg.jp/gdocs/kinri/list_j/kinri/spot_rate.csv,USDJPY,T.T.S.,150.53
202503180248,2025-03-18,https://www.bk.mufg.jp/gdocs/kinri/list_j/kinri/spot_rate.csv,USDJPY,ACC.,150.95
202503180248,2025-03-18,https://www.bk.mufg.jp/gdocs/kinri/list_j/kinri/spot_rate.csv,USDJPY,CASH S.,152.33
202503180248,2025-03-18,https://www.bk.mufg.jp/gdocs/kinri/list_j/kinri/spot_rate.csv,USDJPY,T.T.B.,148.53
202503180248,2025-03-18,https://www.bk.mufg.jp/gdocs/kinri/list_j/kinri/spot_rate.csv,USDJPY,A/S,148.11
202503180248,2025-03-18,https://www.bk.mufg.jp/gdocs/kinri/list_j/kinri/spot_rate.csv,USDJPY,D/PED/A,147.81
202503180248,2025-03-18,https://www.bk.mufg.jp/gdocs/kinri/list_j/kinri/spot_rate.csv,USDJPY,CASH B.,146.53
202503190247,2025-03-19,https://www.bk.mufg.jp/gdocs/kinri/list_j/kinri/spot_rate.csv,USDJPY,T.T.S.,150.69
202503190247,2025-03-19,https://www.bk.mufg.jp/gdocs/kinri/list_j/kinri/spot_rate.csv,USDJPY,ACC.,151.11
202503190247,2025-03-19,https://www.bk.mufg.jp/gdocs/kinri/list_j/kinri/spot_rate.csv,USDJPY,CASH S.,152.49
202503190247,2025-03-19,https://www.bk.mufg.jp/gdocs/kinri/list_j/kinri/spot_rate.csv,USDJPY,T.T.B.,148.69
202503190247,2025-03-19,https://www.bk.mufg.jp/gdocs/kinri/list_j/kinri/spot_rate.csv,USDJPY,A/S,148.27
202503190247,2025-03-19,https://www.bk.mufg.jp/gdocs/kinri/list_j/kinri/spot_rate.csv,USDJPY,D/PED/A,147.97
202503190247,2025-03-19,https://www.bk.mufg.jp/gdocs/kinri/list_j/kinri/spot_rate.csv,USDJPY,CASH B.,146.69
202503200246,2025-03-19,https://www.bk.mufg.jp/gdocs/kinri/list_j/kinri/spot_rate.csv,USDJPY,T.T.S.,150.69
202503200246,2025-03-19,https://www.bk.mufg.jp/gdocs/kinri/list_j/kinri/spot_rate.csv,USDJPY,ACC.,151.11
202503200246,2025-03-19,https://www.bk.mufg.jp/gdocs/kinri/list_j/kinri/spot_rate.csv,USDJPY,CASH S.,152.49
202503200246,2025-03-19,https://www.bk.mufg.jp/gdocs/kinri/list_j/kinri/spot_rate.csv,USDJPY,T.T.B.,148.69
202503200246,2025-03-19,https://www.bk.mufg.jp/gdocs/kinri/list_j/kinri/spot_rate.csv,USDJPY,A/S,148.27
202503200246,2025-03-19,https://www.bk.mufg.jp/gdocs/kinri/list_j/kinri/spot_rate.csv,USDJPY,D/PED/A,147.97
202503200246,2025-03-19,https://www.bk.mufg.jp/gdocs/kinri/list_j/kinri/spot_rate.csv,USDJPY,CASH B.,146.69
202503210248,2025-03-21,https://www.bk.mufg.jp/gdocs/kinri/list_j/kinri/spot_rate.csv,USDJPY,T.T.S.,150.06
202503210248,2025-03-21,https://www.bk.mufg.jp/gdocs/kinri/list_j/kinri/spot_rate.csv,USDJPY,ACC.,150.48
202503210248,2025-03-21,https://www.bk.mufg.jp/gdocs/kinri/list_j/kinri/spot_rate.csv,USDJPY,CASH S.,151.86
202503210248,2025-03-21,https://www.bk.mufg.jp/gdocs/kinri/list_j/kinri/spot_rate.csv,USDJPY,T.T.B.,148.06
202503210248,2025-03-21,https://www.bk.mufg.jp/gdocs/kinri/list_j/kinri/spot_rate.csv,USDJPY,A/S,147.64
202503210248,2025-03-21,https://www.bk.mufg.jp/gdocs/kinri/list_j/kinri/spot_rate.csv,USDJPY,D/PED/A,147.34
202503210248,2025-03-21,https://www.bk.mufg.jp/gdocs/kinri/list_j/kinri/spot_rate.csv,USDJPY,CASH B.,146.06
202503220245,2025-03-21,https://www.bk.mufg.jp/gdocs/kinri/list_j/kinri/spot_rate.csv,USDJPY,T.T.S.,150.06
202503220245,2025-03-21,https://www.bk.mufg.jp/gdocs/kinri/list_j/kinri/spot_rate.csv,USDJPY,ACC.,150.48
202503220245,2025-03-21,https://www.bk.mufg.jp/gdocs/kinri/list_j/kinri/spot_rate.csv,USDJPY,CASH S.,151.86
202503220245,2025-03-21,https://www.bk.mufg.jp/gdocs/kinri/list_j/kinri/spot_rate.csv,USDJPY,T.T.B.,148.06
202503220245,2025-03-21,https://www.bk.mufg.jp/gdocs/kinri/list_j/kinri/spot_rate.csv,USDJPY,A/S,147.64
202503220245,2025-03-21,https://www.bk.mufg.jp/gdocs/kinri/list_j/kinri/spot_rate.csv,USDJPY,D/PED/A,147.34
202503220245,2025-03-21,https://www.bk.mufg.jp/gdocs/kinri/list_j/kinri/spot_rate.csv,USDJPY,CASH B.,146.06
202503230253,2025-03-21,https://www.bk.mufg.jp/gdocs/kinri/list_j/kinri/spot_rate.csv,USDJPY,T.T.S.,150.06
202503230253,2025-03-21,https://www.bk.mufg.jp/gdocs/kinri/list_j/kinri/spot_rate.csv,USDJPY,ACC.,150.48
202503230253,2025-03-21,https://www.bk.mufg.jp/gdocs/kinri/list_j/kinri/spot_rate.csv,USDJPY,CASH S.,151.86
202503230253,2025-03-21,https://www.bk.mufg.jp/gdocs/kinri/list_j/kinri/spot_rate.csv,USDJPY,T.T.B.,148.06
202503230253,2025-03-21,https://www.bk.mufg.jp/gdocs/kinri/list_j/kinri/spot_rate.csv,USDJPY,A/S,147.64
202503230253,2025-03-21,https://www.bk.mufg.jp/gdocs/kinri/list_j/kinri/spot_rate.csv,USDJPY,D/PED/A,147.34
202503230253,2025-03-21,https://www.bk.mufg.jp/gdocs/kinri/list_j/kinri/spot_rate.csv,USDJPY,CASH B.,146.06
202503240253,2025-03-24,https://www.bk.mufg.jp/gdocs/kinri/list_j/kinri/spot_rate.csv,USDJPY,T.T.S.,150.8
202503240253,2025-03-24,https://www.bk.mufg.jp/gdocs/kinri/list_j/kinri/spot_rate.csv,USDJPY,ACC.,151.22
202503240253,2025-03-24,https://www.bk.mufg.jp/gdocs/kinri/list_j/kinri/spot_rate.csv,USDJPY,CASH S.,152.6
202503240253,2025-03-24,https://www.bk.mufg.jp/gdocs/kinri/list_j/kinri/spot_rate.csv,USDJPY,T.T.B.,148.8
202503240253,2025-03-24,https://www.bk.mufg.jp/gdocs/kinri/list_j/kinri/spot_rate.csv,USDJPY,A/S,148.38
202503240253,2025-03-24,https://www.bk.mufg.jp/gdocs/kinri/list_j/kinri/spot_rate.csv,USDJPY,D/PED/A,148.08
202503240253,2025-03-24,https://www.bk.mufg.jp/gdocs/kinri/list_j/kinri/spot_rate.csv,USDJPY,CASH B.,146.8
202503250249,2025-03-25,https://www.bk.mufg.jp/gdocs/kinri/list_j/kinri/spot_rate.csv,USDJPY,T.T.S.,151.95
202503250249,2025-03-25,https://www.bk.mufg.jp/gdocs/kinri/list_j/kinri/spot_rate.csv,USDJPY,ACC.,152.37
202503250249,2025-03-25,https://www.bk.mufg.jp/gdocs/kinri/list_j/kinri/spot_rate.csv,USDJPY,CASH S.,153.75
202503250249,2025-03-25,https://www.bk.mufg.jp/gdocs/kinri/list_j/kinri/spot_rate.csv,USDJPY,T.T.B.,149.95
202503250249,2025-03-25,https://www.bk.mufg.jp/gdocs/kinri/list_j/kinri/spot_rate.csv,USDJPY,A/S,149.53
202503250249,2025-03-25,https://www.bk.mufg.jp/gdocs/kinri/list_j/kinri/spot_rate.csv,USDJPY,D/PED/A,149.23
202503250249,2025-03-25,https://www.bk.mufg.jp/gdocs/kinri/list_j/kinri/spot_rate.csv,USDJPY,CASH B.,147.95
202503260248,2025-03-26,https://www.bk.mufg.jp/gdocs/kinri/list_j/kinri/spot_rate.csv,USDJPY,T.T.S.,151.2
202503260248,2025-03-26,https://www.bk.mufg.jp/gdocs/kinri/list_j/kinri/spot_rate.csv,USDJPY,ACC.,151.62
202503260248,2025-03-26,https://www.bk.mufg.jp/gdocs/kinri/list_j/kinri/spot_rate.csv,USDJPY,CASH S.,153.0
202503260248,2025-03-26,https://www.bk.mufg.jp/gdocs/kinri/list_j/kinri/spot_rate.csv,USDJPY,T.T.B.,149.2
202503260248,2025-03-26,https://www.bk.mufg.jp/gdocs/kinri/list_j/kinri/spot_rate.csv,USDJPY,A/S,148.78
202503260248,2025-03-26,https://www.bk.mufg.jp/gdocs/kinri/list_j/kinri/spot_rate.csv,USDJPY,D/PED/A,148.48
202503260248,2025-03-26,https://www.bk.mufg.jp/gdocs/kinri/list_j/kinri/spot_rate.csv,USDJPY,CASH B.,147.2
202503270248,2025-03-27,https://www.bk.mufg.jp/gdocs/kinri/list_j/kinri/spot_rate.csv,USDJPY,T.T.S.,151.58
202503270248,2025-03-27,https://www.bk.mufg.jp/gdocs/kinri/list_j/kinri/spot_rate.csv,USDJPY,ACC.,152.0
202503270248,2025-03-27,https://www.bk.mufg.jp/gdocs/kinri/list_j/kinri/spot_rate.csv,USDJPY,CASH S.,153.38
202503270248,2025-03-27,https://www.bk.mufg.jp/gdocs/kinri/list_j/kinri/spot_rate.csv,USDJPY,T.T.B.,149.58
202503270248,2025-03-27,https://www.bk.mufg.jp/gdocs/kinri/list_j/kinri/spot_rate.csv,USDJPY,A/S,149.16
202503270248,2025-03-27,https://www.bk.mufg.jp/gdocs/kinri/list_j/kinri/spot_rate.csv,USDJPY,D/PED/A,148.86
202503270248,2025-03-27,https://www.bk.mufg.jp/gdocs/kinri/list_j/kinri/spot_rate.csv,USDJPY,CASH B.,147.58
202503280250,2025-03-28,https://www.bk.mufg.jp/gdocs/kinri/list_j/kinri/spot_rate.csv,USDJPY,T.T.S.,152.11
202503280250,2025-03-28,https://www.bk.mufg.jp/gdocs/kinri/list_j/kinri/spot_rate.csv,USDJPY,ACC.,152.53
202503280250,2025-03-28,https://www.bk.mufg.jp/gdocs/kinri/list_j/kinri/spot_rate.csv,USDJPY,CASH S.,153.91
202503280250,2025-03-28,https://www.bk.mufg.jp/gdocs/kinri/list_j/kinri/spot_rate.csv,USDJPY,T.T.B.,150.11
202503280250,2025-03-28,https://www.bk.mufg.jp/gdocs/kinri/list_j/kinri/spot_rate.csv,USDJPY,A/S,149.69
202503280250,2025-03-28,https://www.bk.mufg.jp/gdocs/kinri/list_j/kinri/spot_rate.csv,USDJPY,D/PED/A,149.39
202503280250,2025-03-28,https://www.bk.mufg.jp/gdocs/kinri/list_j/kinri/spot_rate.csv,USDJPY,CASH B.,148.11
202503290247,2025-03-28,https://www.bk.mufg.jp/gdocs/kinri/list_j/kinri/spot_rate.csv,USDJPY,T.T.S.,152.11
202503290247,2025-03-28,https://www.bk.mufg.jp/gdocs/kinri/list_j/kinri/spot_rate.csv,USDJPY,ACC.,152.53
202503290247,2025-03-28,https://www.bk.mufg.jp/gdocs/kinri/list_j/kinri/spot_rate.csv,USDJPY,CASH S.,153.91
202503290247,2025-03-28,https://www.bk.mufg.jp/gdocs/kinri/list_j/kinri/spot_rate.csv,USDJPY,T.T.B.,150.11
202503290247,2025-03-28,https://www.bk.mufg.jp/gdocs/kinri/list_j/kinri/spot_rate.csv,USDJPY,A/S,149.69
202503290247,2025-03-28,https://www.bk.mufg.jp/gdocs/kinri/list_j/kinri/spot_rate.csv,USDJPY,D/PED/A,149.39
202503290247,2025-03-28,https://www.bk.mufg.jp/gdocs/kinri/list_j/kinri/spot_rate.csv,USDJPY,CASH B.,148.11
202503300257,2025-03-28,https://www.bk.mufg.jp/gdocs/kinri/list_j/kinri/spot_rate.csv,USDJPY,T.T.S.,152.11
202503300257,2025-03-28,https://www.bk.mufg.jp/gdocs/kinri/list_j/kinri/spot_rate.csv,USDJPY,ACC.,152.53
202503300257,2025-03-28,https://www.bk.mufg.jp/gdocs/kinri/list_j/kinri/spot_rate.csv,USDJPY,CASH S.,153.91
202503300257,2025-03-28,https://www.bk.mufg.jp/gdocs/kinri/list_j/kinri/spot_rate.csv,USDJPY,T.T.B.,150.11
202503300257,2025-03-28,https://www.bk.mufg.jp/gdocs/kinri/list_j/kinri/spot_rate.csv,USDJPY,A/S,149.69
202503300257,2025-03-28,https://www.bk.mufg.jp/gdocs/kinri/list_j/kinri/spot_rate.csv,USDJPY,D/PED/A,149.39
202503300257,2025-03-28,https://www.bk.mufg.jp/gdocs/kinri/list_j/kinri/spot_rate.csv,USDJPY,CASH B.,148.11
202503310258,2025-03-31,https://www.bk.mufg.jp/gdocs/kinri/list_j/kinri/spot_rate.csv,USDJPY,T.T.S.,150.52
202503310258,2025-03-31,https://www.bk.mufg.jp/gdocs/kinri/list_j/kinri/spot_rate.csv,USDJPY,ACC.,150.94
202503310258,2025-03-31,https://www.bk.mufg.jp/gdocs/kinri/list_j/kinri/spot_rate.csv,USDJPY,CASH S.,152.32
202503310258,2025-03-31,https://www.bk.mufg.jp/gdocs/kinri/list_j/kinri/spot_rate.csv,USDJPY,T.T.B.,148.52
202503310258,2025-03-31,https://www.bk.mufg.jp/gdocs/kinri/list_j/kinri/spot_rate.csv,USDJPY,A/S,148.1
202503310258,2025-03-31,https://www.bk.mufg.jp/gdocs/kinri/list_j/kinri/spot_rate.csv,USDJPY,D/PED/A,147.8
202503310258,2025-03-31,https://www.bk.mufg.jp/gdocs/kinri/list_j/kinri/spot_rate.csv,USDJPY,CASH B.,146.52
202504010304,2025-04-01,https://www.bk.mufg.jp/gdocs/kinri/list_j/kinri/spot_rate.csv,USDJPY,T.T.S.,150.82
202504010304,2025-04-01,https://www.bk.mufg.jp/gdocs/kinri/list_j/kinri/spot_rate.csv,USDJPY,ACC.,151.25
202504010304,2025-04-01,https://www.bk.mufg.jp/gdocs/kinri/list_j/kinri/spot_rate.csv,USDJPY,CASH S.,152.62
202504010304,2025-04-01,https://www.bk.mufg.jp/gdocs/kinri/list_j/kinri/spot_rate.csv,USDJPY,T.T.B.,148.82
202504010304,2025-04-01,https://www.bk.mufg.jp/gdocs/kinri/list_j/kinri/spot_rate.csv,USDJPY,A/S,148.39
202504010304,2025-04-01,https://www.bk.mufg.jp/gdocs/kinri/list_j/kinri/spot_rate.csv,USDJPY,D/PED/A,148.09
202504010304,2025-04-01,https://www.bk.mufg.jp/gdocs/kinri/list_j/kinri/spot_rate.csv,USDJPY,CASH B.,146.82
202504020251,2025-04-02,https://www.bk.mufg.jp/gdocs/kinri/list_j/kinri/spot_rate.csv,USDJPY,T.T.S.,150.84
202504020251,2025-04-02,https://www.bk.mufg.jp/gdocs/kinri/list_j/kinri/spot_rate.csv,USDJPY,ACC.,151.27
202504020251,2025-04-02,https://www.bk.mufg.jp/gdocs/kinri/list_j/kinri/spot_rate.csv,USDJPY,CASH S.,152.64
202504020251,2025-04-02,https://www.bk.mufg.jp/gdocs/kinri/list_j/kinri/spot_rate.csv,USDJPY,T.T.B.,148.84
202504020251,2025-04-02,https://www.bk.mufg.jp/gdocs/kinri/list_j/kinri/spot_rate.csv,USDJPY,A/S,148.41
202504020251,2025-04-02,https://www.bk.mufg.jp/gdocs/kinri/list_j/kinri/spot_rate.csv,USDJPY,D/PED/A,148.11
202504020251,2025-04-02,https://www.bk.mufg.jp/gdocs/kinri/list_j/kinri/spot_rate.csv,USDJPY,CASH B.,146.84
202504030249,2025-04-03,https://www.bk.mufg.jp/gdocs/kinri/list_j/kinri/spot_rate.csv,USDJPY,T.T.S.,148.83
202504030249,2025-04-03,https://www.bk.mufg.jp/gdocs/kinri/list_j/kinri/spot_rate.csv,USDJPY,ACC.,149.26
202504030249,2025-04-03,https://www.bk.mufg.jp/gdocs/kinri/list_j/kinri/spot_rate.csv,USDJPY,CASH S.,150.63
202504030249,2025-04-03,https://www.bk.mufg.jp/gdocs/kinri/list_j/kinri/spot_rate.csv,USDJPY,T.T.B.,146.83
202504030249,2025-04-03,https://www.bk.mufg.jp/gdocs/kinri/list_j/kinri/spot_rate.csv,USDJPY,A/S,146.4
202504030249,2025-04-03,https://www.bk.mufg.jp/gdocs/kinri/list_j/kinri/spot_rate.csv,USDJPY,D/PED/A,146.1
202504030249,2025-04-03,https://www.bk.mufg.jp/gdocs/kinri/list_j/kinri/spot_rate.csv,USDJPY,CASH B.,144.83
202504040249,2025-04-04,https://www.bk.mufg.jp/gdocs/kinri/list_j/kinri/spot_rate.csv,USDJPY,T.T.S.,147.03
202504040249,2025-04-04,https://www.bk.mufg.jp/gdocs/kinri/list_j/kinri/spot_rate.csv,USDJPY,ACC.,147.46
202504040249,2025-04-04,https://www.bk.mufg.jp/gdocs/kinri/list_j/kinri/spot_rate.csv,USDJPY,CASH S.,148.83
202504040249,2025-04-04,https://www.bk.mufg.jp/gdocs/kinri/list_j/kinri/spot_rate.csv,USDJPY,T.T.B.,145.03
202504040249,2025-04-04,https://www.bk.mufg.jp/gdocs/kinri/list_j/kinri/spot_rate.csv,USDJPY,A/S,144.6
202504040249,2025-04-04,https://www.bk.mufg.jp/gdocs/kinri/list_j/kinri/spot_rate.csv,USDJPY,D/PED/A,144.3
202504040249,2025-04-04,https://www.bk.mufg.jp/gdocs/kinri/list_j/kinri/spot_rate.csv,USDJPY,CASH B.,143.03
202504050247,2025-04-04,https://www.bk.mufg.jp/gdocs/kinri/list_j/kinri/spot_rate.csv,USDJPY,T.T.S.,147.03
202504050247,2025-04-04,https://www.bk.mufg.jp/gdocs/kinri/list_j/kinri/spot_rate.csv,USDJPY,ACC.,147.46
202504050247,2025-04-04,https://www.bk.mufg.jp/gdocs/kinri/list_j/kinri/spot_rate.csv,USDJPY,CASH S.,148.83
202504050247,2025-04-04,https://www.bk.mufg.jp/gdocs/kinri/list_j/kinri/spot_rate.csv,USDJPY,T.T.B.,145.03
202504050247,2025-04-04,https://www.bk.mufg.jp/gdocs/kinri/list_j/kinri/spot_rate.csv,USDJPY,A/S,144.6
202504050247,2025-04-04,https://www.bk.mufg.jp/gdocs/kinri/list_j/kinri/spot_rate.csv,USDJPY,D/PED/A,144.3
202504050247,2025-04-04,https://www.bk.mufg.jp/gdocs/kinri/list_j/kinri/spot_rate.csv,USDJPY,CASH B.,143.03
202504060254,2025-04-04,https://www.bk.mufg.jp/gdocs/kinri/list_j/kinri/spot_rate.csv,USDJPY,T.T.S.,147.03
202504060254,2025-04-04,https://www.bk.mufg.jp/gdocs/kinri/list_j/kinri/spot_rate.csv,USDJPY,ACC.,147.46
202504060254,2025-04-04,https://www.bk.mufg.jp/gdocs/kinri/list_j/kinri/spot_rate.csv,USDJPY,CASH S.,148.83
202504060254,2025-04-04,https://www.bk.mufg.jp/gdocs/kinri/list_j/kinri/spot_rate.csv,USDJPY,T.T.B.,145.03
202504060254,2025-04-04,https://www.bk.mufg.jp/gdocs/kinri/list_j/kinri/spot_rate.csv,USDJPY,A/S,144.6
202504060254,2025-04-04,https://www.bk.mufg.jp/gdocs/kinri/list_j/kinri/spot_rate.csv,USDJPY,D/PED/A,144.3
202504060254,2025-04-04,https://www.bk.mufg.jp/gdocs/kinri/list_j/kinri/spot_rate.csv,USDJPY,CASH B.,143.03
202504070255,2025-04-07,https://www.bk.mufg.jp/gdocs/kinri/list_j/kinri/spot_rate.csv,USDJPY,T.T.S.,146.78
202504070255,2025-04-07,https://www.bk.mufg.jp/gdocs/kinri/list_j/kinri/spot_rate.csv,USDJPY,ACC.,147.21
202504070255,2025-04-07,https://www.bk.mufg.jp/gdocs/kinri/list_j/kinri/spot_rate.csv,USDJPY,CASH S.,148.58
202504070255,2025-04-07,https://www.bk.mufg.jp/gdocs/kinri/list_j/kinri/spot_rate.csv,USDJPY,T.T.B.,144.78
202504070255,2025-04-07,https://www.bk.mufg.jp/gdocs/kinri/list_j/kinri/spot_rate.csv,USDJPY,A/S,144.35
202504070255,2025-04-07,https://www.bk.mufg.jp/gdocs/kinri/list_j/kinri/spot_rate.csv,USDJPY,D/PED/A,144.05
202504070255,2025-04-07,https://www.bk.mufg.jp/gdocs/kinri/list_j/kinri/spot_rate.csv,USDJPY,CASH B.,142.78
202504080250,2025-04-08,https://www.bk.mufg.jp/gdocs/kinri/list_j/kinri/spot_rate.csv,USDJPY,T.T.S.,148.77
202504080250,2025-04-08,https://www.bk.mufg.jp/gdocs/kinri/list_j/kinri/spot_rate.csv,USDJPY,ACC.,149.19
202504080250,2025-04-08,https://www.bk.mufg.jp/gdocs/kinri/list_j/kinri/spot_rate.csv,USDJPY,CASH S.,150.57
202504080250,2025-04-08,https://www.bk.mufg.jp/gdocs/kinri/list_j/kinri/spot_rate.csv,USDJPY,T.T.B.,146.77
202504080250,2025-04-08,https://www.bk.mufg.jp/gdocs/kinri/list_j/kinri/spot_rate.csv,USDJPY,A/S,146.35
202504080250,2025-04-08,https://www.bk.mufg.jp/gdocs/kinri/list_j/kinri/spot_rate.csv,USDJPY,D/PED/A,146.05
202504080250,2025-04-08,https://www.bk.mufg.jp/gdocs/kinri/list_j/kinri/spot_rate.csv,USDJPY,CASH B.,144.77
202504090251,2025-04-09,https://www.bk.mufg.jp/gdocs/kinri/list_j/kinri/spot_rate.csv,USDJPY,T.T.S.,146.38
202504090251,2025-04-09,https://www.bk.mufg.jp/gdocs/kinri/list_j/kinri/spot_rate.csv,USDJPY,ACC.,146.8
202504090251,2025-04-09,https://www.bk.mufg.jp/gdocs/kinri/list_j/kinri/spot_rate.csv,USDJPY,CASH S.,148.18
202504090251,2025-04-09,https://www.bk.mufg.jp/gdocs/kinri/list_j/kinri/spot_rate.csv,USDJPY,T.T.B.,144.38
202504090251,2025-04-09,https://www.bk.mufg.jp/gdocs/kinri/list_j/kinri/spot_rate.csv,USDJPY,A/S,143.96
202504090251,2025-04-09,https://www.bk.mufg.jp/gdocs/kinri/list_j/kinri/spot_rate.csv,USDJPY,D/PED/A,143.66
202504090251,2025-04-09,https://www.bk.mufg.jp/gdocs/kinri/list_j/kinri/spot_rate.csv,USDJPY,CASH B.,142.38
202504100251,2025-04-10,https://www.bk.mufg.jp/gdocs/kinri/list_j/kinri/spot_rate.csv,USDJPY,T.T.S.,147.91
202504100251,2025-04-10,https://www.bk.mufg.jp/gdocs/kinri/list_j/kinri/spot_rate.csv,USDJPY,ACC.,148.33
202504100251,2025-04-10,https://www.bk.mufg.jp/gdocs/kinri/list_j/kinri/spot_rate.csv,USDJPY,CASH S.,149.71
202504100251,2025-04-10,https://www.bk.mufg.jp/gdocs/kinri/list_j/kinri/spot_rate.csv,USDJPY,T.T.B.,145.91
202504100251,2025-04-10,https://www.bk.mufg.jp/gdocs/kinri/list_j/kinri/spot_rate.csv,USDJPY,A/S,145.49
202504100251,2025-04-10,https://www.bk.mufg.jp/gdocs/kinri/list_j/kinri/spot_rate.csv,USDJPY,D/PED/A,145.19
202504100251,2025-04-10,https://www.bk.mufg.jp/gdocs/kinri/list_j/kinri/spot_rate.csv,USDJPY,CASH B.,143.91
202504110251,2025-04-11,https://www.bk.mufg.jp/gdocs/kinri/list_j/kinri/spot_rate.csv,USDJPY,T.T.S.,144.54
202504110251,2025-04-11,https://www.bk.mufg.jp/gdocs/kinri/list_j/kinri/spot_rate.csv,USDJPY,ACC.,144.96
202504110251,2025-04-11,https://www.bk.mufg.jp/gdocs/kinri/list_j/kinri/spot_rate.csv,USDJPY,CASH S.,146.34
202504110251,2025-04-11,https://www.bk.mufg.jp/gdocs/kinri/list_j/kinri/spot_rate.csv,USDJPY,T.T.B.,142.54
202504110251,2025-04-11,https://www.bk.mufg.jp/gdocs/kinri/list_j/kinri/spot_rate.csv,USDJPY,A/S,142.12
202504110251,2025-04-11,https://www.bk.mufg.jp/gdocs/kinri/list_j/kinri/spot_rate.csv,USDJPY,D/PED/A,141.82
202504110251,2025-04-11,https://www.bk.mufg.jp/gdocs/kinri/list_j/kinri/spot_rate.csv,USDJPY,CASH B.,140.54
202504120248,2025-04-11,https://www.bk.mufg.jp/gdocs/kinri/list_j/kinri/spot_rate.csv,USDJPY,T.T.S.,144.54
202504120248,2025-04-11,https://www.bk.mufg.jp/gdocs/kinri/list_j/kinri/spot_rate.csv,USDJPY,ACC.,144.96
202504120248,2025-04-11,https://www.bk.mufg.jp/gdocs/kinri/list_j/kinri/spot_rate.csv,USDJPY,CASH S.,146.34
202504120248,2025-04-11,https://www.bk.mufg.jp/gdocs/kinri/list_j/kinri/spot_rate.csv,USDJPY,T.T.B.,142.54
202504120248,2025-04-11,https://www.bk.mufg.jp/gdocs/kinri/list_j/kinri/spot_rate.csv,USDJPY,A/S,142.12
202504120248,2025-04-11,https://www.bk.mufg.jp/gdocs/kinri/list_j/kinri/spot_rate.csv,USDJPY,D/PED/A,141.82
202504120248,2025-04-11,https://www.bk.mufg.jp/gdocs/kinri/list_j/kinri/spot_rate.csv,USDJPY,CASH B.,140.54
202504130402,2025-04-11,https://www.bk.mufg.jp/gdocs/kinri/list_j/kinri/spot_rate.csv,USDJPY,T.T.S.,144.54
202504130402,2025-04-11,https://www.bk.mufg.jp/gdocs/kinri/list_j/kinri/spot_rate.csv,USDJPY,ACC.,144.96
202504130402,2025-04-11,https://www.bk.mufg.jp/gdocs/kinri/list_j/kinri/spot_rate.csv,USDJPY,CASH S.,146.34
202504130402,2025-04-11,https://www.bk.mufg.jp/gdocs/kinri/list_j/kinri/spot_rate.csv,USDJPY,T.T.B.,142.54
202504130402,2025-04-11,https://www.bk.mufg.jp/gdocs/kinri/list_j/kinri/spot_rate.csv,USDJPY,A/S,142.12
202504130402,2025-04-11,https://www.bk.mufg.jp/gdocs/kinri/list_j/kinri/spot_rate.csv,USDJPY,D/PED/A,141.82
202504130402,2025-04-11,https://www.bk.mufg.jp/gdocs/kinri/list_j/kinri/spot_rate.csv,USDJPY,CASH B.,140.54
202504140259,2025-04-14,https://www.bk.mufg.jp/gdocs/kinri/list_j/kinri/spot_rate.csv,USDJPY,T.T.S.,144.23
202504140259,2025-04-14,https://www.bk.mufg.jp/gdocs/kinri/list_j/kinri/spot_rate.csv,USDJPY,ACC.,144.65
202504140259,2025-04-14,https://www.bk.mufg.jp/gdocs/kinri/list_j/kinri/spot_rate.csv,USDJPY,CASH S.,146.03
202504140259,2025-04-14,https://www.bk.mufg.jp/gdocs/kinri/list_j/kinri/spot_rate.csv,USDJPY,T.T.B.,142.23
202504140259,2025-04-14,https://www.bk.mufg.jp/gdocs/kinri/list_j/kinri/spot_rate.csv,USDJPY,A/S,141.81
202504140259,2025-04-14,https://www.bk.mufg.jp/gdocs/kinri/list_j/kinri/spot_rate.csv,USDJPY,D/PED/A,141.51
202504140259,2025-04-14,https://www.bk.mufg.jp/gdocs/kinri/list_j/kinri/spot_rate.csv,USDJPY,CASH B.,140.23
202504150257,2025-04-15,https://www.bk.mufg.jp/gdocs/kinri/list_j/kinri/spot_rate.csv,USDJPY,T.T.S.,144.64
202504150257,2025-04-15,https://www.bk.mufg.jp/gdocs/kinri/list_j/kinri/spot_rate.csv,USDJPY,ACC.,145.06
202504150257,2025-04-15,https://www.bk.mufg.jp/gdocs/kinri/list_j/kinri/spot_rate.csv,USDJPY,CASH S.,146.44
202504150257,2025-04-15,https://www.bk.mufg.jp/gdocs/kinri/list_j/kinri/spot_rate.csv,USDJPY,T.T.B.,142.64
202504150257,2025-04-15,https://www.bk.mufg.jp/gdocs/kinri/list_j/kinri/spot_rate.csv,USDJPY,A/S,142.22
202504150257,2025-04-15,https://www.bk.mufg.jp/gdocs/kinri/list_j/kinri/spot_rate.csv,USDJPY,D/PED/A,141.92
202504150257,2025-04-15,https://www.bk.mufg.jp/gdocs/kinri/list_j/kinri/spot_rate.csv,USDJPY,CASH B.,140.64
202504160256,2025-04-16,https://www.bk.mufg.jp/gdocs/kinri/list_j/kinri/spot_rate.csv,USDJPY,T.T.S.,143.93
202504160256,2025-04-16,https://www.bk.mufg.jp/gdocs/kinri/list_j/kinri/spot_rate.csv,USDJPY,ACC.,144.35
202504160256,2025-04-16,https://www.bk.mufg.jp/gdocs/kinri/list_j/kinri/spot_rate.csv,USDJPY,CASH S.,145.73
202504160256,2025-04-16,https://www.bk.mufg.jp/gdocs/kinri/list_j/kinri/spot_rate.csv,USDJPY,T.T.B.,141.93
202504160256,2025-04-16,https://www.bk.mufg.jp/gdocs/kinri/list_j/kinri/spot_rate.csv,USDJPY,A/S,141.51
202504160256,2025-04-16,https://www.bk.mufg.jp/gdocs/kinri/list_j/kinri/spot_rate.csv,USDJPY,D/PED/A,141.21
202504160256,2025-04-16,https://www.bk.mufg.jp/gdocs/kinri/list_j/kinri/spot_rate.csv,USDJPY,CASH B.,139.93
202504170253,2025-04-17,https://www.bk.mufg.jp/gdocs/kinri/list_j/kinri/spot_rate.csv,USDJPY,T.T.S.,143.53
202504170253,2025-04-17,https://www.bk.mufg.jp/gdocs/kinri/list_j/kinri/spot_rate.csv,USDJPY,ACC.,143.95
202504170253,2025-04-17,https://www.bk.mufg.jp/gdocs/kinri/list_j/kinri/spot_rate.csv,USDJPY,CASH S.,145.33
202504170253,2025-04-17,https://www.bk.mufg.jp/gdocs/kinri/list_j/kinri/spot_rate.csv,USDJPY,T.T.B.,141.53
202504170253,2025-04-17,https://www.bk.mufg.jp/gdocs/kinri/list_j/kinri/spot_rate.csv,USDJPY,A/S,141.11
202504170253,2025-04-17,https://www.bk.mufg.jp/gdocs/kinri/list_j/kinri/spot_rate.csv,USDJPY,D/PED/A,140.81
202504170253,2025-04-17,https://www.bk.mufg.jp/gdocs/kinri/list_j/kinri/spot_rate.csv,USDJPY,CASH B.,139.53
202504180250,2025-04-18,https://www.bk.mufg.jp/gdocs/kinri/list_j/kinri/spot_rate.csv,USDJPY,T.T.S.,143.46
202504180250,2025-04-18,https://www.bk.mufg.jp/gdocs/kinri/list_j/kinri/spot_rate.csv,USDJPY,ACC.,143.88
202504180250,2025-04-18,https://www.bk.mufg.jp/gdocs/kinri/list_j/kinri/spot_rate.csv,USDJPY,CASH S.,145.26
202504180250,2025-04-18,https://www.bk.mufg.jp/gdocs/kinri/list_j/kinri/spot_rate.csv,USDJPY,T.T.B.,141.46
202504180250,2025-04-18,https://www.bk.mufg.jp/gdocs/kinri/list_j/kinri/spot_rate.csv,USDJPY,A/S,141.04
202504180250,2025-04-18,https://www.bk.mufg.jp/gdocs/kinri/list_j/kinri/spot_rate.csv,USDJPY,D/PED/A,140.74
202504180250,2025-04-18,https://www.bk.mufg.jp/gdocs/kinri/list_j/kinri/spot_rate.csv,USDJPY,CASH B.,139.46
202504190247,2025-04-18,https://www.bk.mufg.jp/gdocs/kinri/list_j/kinri/spot_rate.csv,USDJPY,T.T.S.,143.46
202504190247,2025-04-18,https://www.bk.mufg.jp/gdocs/kinri/list_j/kinri/spot_rate.csv,USDJPY,ACC.,143.88
202504190247,2025-04-18,https://www.bk.mufg.jp/gdocs/kinri/list_j/kinri/spot_rate.csv,USDJPY,CASH S.,145.26
202504190247,2025-04-18,https://www.bk.mufg.jp/gdocs/kinri/list_j/kinri/spot_rate.csv,USDJPY,T.T.B.,141.46
202504190247,2025-04-18,https://www.bk.mufg.jp/gdocs/kinri/list_j/kinri/spot_rate.csv,USDJPY,A/S,141.04
202504190247,2025-04-18,https://www.bk.mufg.jp/gdocs/kinri/list_j/kinri/spot_rate.csv,USDJPY,D/PED/A,140.74
202504190247,2025-04-18,https://www.bk.mufg.jp/gdocs/kinri/list_j/kinri/spot_rate.csv,USDJPY,CASH B.,139.46
202504200300,2025-04-18,https://www.bk.mufg.jp/gdocs/kinri/list_j/kinri/spot_rate.csv,USDJPY,T.T.S.,143.46
202504200300,2025-04-18,https://www.bk.mufg.jp/gdocs/kinri/list_j/kinri/spot_rate.csv,USDJPY,ACC.,143.88
202504200300,2025-04-18,https://www.bk.mufg.jp/gdocs/kinri/list_j/kinri/spot_rate.csv,USDJPY,CASH S.,145.26
202504200300,2025-04-18,https://www.bk.mufg.jp/gdocs/kinri/list_j/kinri/spot_rate.csv,USDJPY,T.T.B.,141.46
202504200300,2025-04-18,https://www.bk.mufg.jp/gdocs/kinri/list_j/kinri/spot_rate.csv,USDJPY,A/S,141.04
202504200300,2025-04-18,https://www.bk.mufg.jp/gdocs/kinri/list_j/kinri/spot_rate.csv,USDJPY,D/PED/A,140.74
202504200300,2025-04-18,https://www.bk.mufg.jp/gdocs/kinri/list_j/kinri/spot_rate.csv,USDJPY,CASH B.,139.46
202504210302,2025-04-21,https://www.bk.mufg.jp/gdocs/kinri/list_j/kinri/spot_rate.csv,USDJPY,T.T.S.,142.24
202504210302,2025-04-21,https://www.bk.mufg.jp/gdocs/kinri/list_j/kinri/spot_rate.csv,USDJPY,ACC.,142.66
202504210302,2025-04-21,https://www.bk.mufg.jp/gdocs/kinri/list_j/kinri/spot_rate.csv,USDJPY,CASH S.,144.04
202504210302,2025-04-21,https://www.bk.mufg.jp/gdocs/kinri/list_j/kinri/spot_rate.csv,USDJPY,T.T.B.,140.24
202504210302,2025-04-21,https://www.bk.mufg.jp/gdocs/kinri/list_j/kinri/spot_rate.csv,USDJPY,A/S,139.82
202504210302,2025-04-21,https://www.bk.mufg.jp/gdocs/kinri/list_j/kinri/spot_rate.csv,USDJPY,D/PED/A,139.52
202504210302,2025-04-21,https://www.bk.mufg.jp/gdocs/kinri/list_j/kinri/spot_rate.csv,USDJPY,CASH B.,138.24
202504220254,2025-04-22,https://www.bk.mufg.jp/gdocs/kinri/list_j/kinri/spot_rate.csv,USDJPY,T.T.S.,141.96
202504220254,2025-04-22,https://www.bk.mufg.jp/gdocs/kinri/list_j/kinri/spot_rate.csv,USDJPY,ACC.,142.37
202504220254,2025-04-22,https://www.bk.mufg.jp/gdocs/kinri/list_j/kinri/spot_rate.csv,USDJPY,CASH S.,143.76
202504220254,2025-04-22,https://www.bk.mufg.jp/gdocs/kinri/list_j/kinri/spot_rate.csv,USDJPY,T.T.B.,139.96
202504220254,2025-04-22,https://www.bk.mufg.jp/gdocs/kinri/list_j/kinri/spot_rate.csv,USDJPY,A/S,139.55
202504220254,2025-04-22,https://www.bk.mufg.jp/gdocs/kinri/list_j/kinri/spot_rate.csv,USDJPY,D/PED/A,139.25
202504220254,2025-04-22,https://www.bk.mufg.jp/gdocs/kinri/list_j/kinri/spot_rate.csv,USDJPY,CASH B.,137.96
202504230255,2025-04-23,https://www.bk.mufg.jp/gdocs/kinri/list_j/kinri/spot_rate.csv,USDJPY,T.T.S.,143.1
202504230255,2025-04-23,https://www.bk.mufg.jp/gdocs/kinri/list_j/kinri/spot_rate.csv,USDJPY,ACC.,143.51
202504230255,2025-04-23,https://www.bk.mufg.jp/gdocs/kinri/list_j/kinri/spot_rate.csv,USDJPY,CASH S.,144.9
202504230255,2025-04-23,https://www.bk.mufg.jp/gdocs/kinri/list_j/kinri/spot_rate.csv,USDJPY,T.T.B.,141.1
202504230255,2025-04-23,https://www.bk.mufg.jp/gdocs/kinri/list_j/kinri/spot_rate.csv,USDJPY,A/S,140.69
202504230255,2025-04-23,https://www.bk.mufg.jp/gdocs/kinri/list_j/kinri/spot_rate.csv,USDJPY,D/PED/A,140.39
202504230255,2025-04-23,https://www.bk.mufg.jp/gdocs/kinri/list_j/kinri/spot_rate.csv,USDJPY,CASH B.,139.1
202504240258,2025-04-24,https://www.bk.mufg.jp/gdocs/kinri/list_j/kinri/spot_rate.csv,USDJPY,T.T.S.,143.96
202504240258,2025-04-24,https://www.bk.mufg.jp/gdocs/kinri/list_j/kinri/spot_rate.csv,USDJPY,ACC.,144.37
202504240258,2025-04-24,https://www.bk.mufg.jp/gdocs/kinri/list_j/kinri/spot_rate.csv,USDJPY,CASH S.,145.76
202504240258,2025-04-24,https://www.bk.mufg.jp/gdocs/kinri/list_j/kinri/spot_rate.csv,USDJPY,T.T.B.,141.96
202504240258,2025-04-24,https://www.bk.mufg.jp/gdocs/kinri/list_j/kinri/spot_rate.csv,USDJPY,A/S,141.55
202504240258,2025-04-24,https://www.bk.mufg.jp/gdocs/kinri/list_j/kinri/spot_rate.csv,USDJPY,D/PED/A,141.25
202504240258,2025-04-24,https://www.bk.mufg.jp/gdocs/kinri/list_j/kinri/spot_rate.csv,USDJPY,CASH B.,139.96
202504250258,2025-04-25,https://www.bk.mufg.jp/gdocs/kinri/list_j/kinri/spot_rate.csv,USDJPY,T.T.S.,144.11
202504250258,2025-04-25,https://www.bk.mufg.jp/gdocs/kinri/list_j/kinri/spot_rate.csv,USDJPY,ACC.,144.52
202504250258,2025-04-25,https://www.bk.mufg.jp/gdocs/kinri/list_j/kinri/spot_rate.csv,USDJPY,CASH S.,145.91
202504250258,2025-04-25,https://www.bk.mufg.jp/gdocs/kinri/list_j/kinri/spot_rate.csv,USDJPY,T.T.B.,142.11
202504250258,2025-04-25,https://www.bk.mufg.jp/gdocs/kinri/list_j/kinri/spot_rate.csv,USDJPY,A/S,141.7
202504250258,2025-04-25,https://www.bk.mufg.jp/gdocs/kinri/list_j/kinri/spot_rate.csv,USDJPY,D/PED/A,141.4
202504250258,2025-04-25,https://www.bk.mufg.jp/gdocs/kinri/list_j/kinri/spot_rate.csv,USDJPY,CASH B.,140.11
202504260249,2025-04-25,https://www.bk.mufg.jp/gdocs/kinri/list_j/kinri/spot_rate.csv,USDJPY,T.T.S.,144.11
202504260249,2025-04-25,https://www.bk.mufg.jp/gdocs/kinri/list_j/kinri/spot_rate.csv,USDJPY,ACC.,144.52
202504260249,2025-04-25,https://www.bk.mufg.jp/gdocs/kinri/list_j/kinri/spot_rate.csv,USDJPY,CASH S.,145.91
202504260249,2025-04-25,https://www.bk.mufg.jp/gdocs/kinri/list_j/kinri/spot_rate.csv,USDJPY,T.T.B.,142.11
202504260249,2025-04-25,https://www.bk.mufg.jp/gdocs/kinri/list_j/kinri/spot_rate.csv,USDJPY,A/S,141.7
202504260249,2025-04-25,https://www.bk.mufg.jp/gdocs/kinri/list_j/kinri/spot_rate.csv,USDJPY,D/PED/A,141.4
202504260249,2025-04-25,https://www.bk.mufg.jp/gdocs/kinri/list_j/kinri/spot_rate.csv,USDJPY,CASH B.,140.11
202504270301,2025-04-25,https://www.bk.mufg.jp/gdocs/kinri/list_j/kinri/spot_rate.csv,USDJPY,T.T.S.,144.11
202504270301,2025-04-25,https://www.bk.mufg.jp/gdocs/kinri/list_j/kinri/spot_rate.csv,USDJPY,ACC.,144.52
202504270301,2025-04-25,https://www.bk.mufg.jp/gdocs/kinri/list_j/kinri/spot_rate.csv,USDJPY,CASH S.,145.91
202504270301,2025-04-25,https://www.bk.mufg.jp/gdocs/kinri/list_j/kinri/spot_rate.csv,USDJPY,T.T.B.,142.11
202504270301,2025-04-25,https://www.bk.mufg.jp/gdocs/kinri/list_j/kinri/spot_rate.csv,USDJPY,A/S,141.7
202504270301,2025-04-25,https://www.bk.mufg.jp/gdocs/kinri/list_j/kinri/spot_rate.csv,USDJPY,D/PED/A,141.4
202504270301,2025-04-25,https://www.bk.mufg.jp/gdocs/kinri/list_j/kinri/spot_rate.csv,USDJPY,CASH B.,140.11
202504280302,2025-04-28,https://www.bk.mufg.jp/gdocs/kinri/list_j/kinri/spot_rate.csv,USDJPY,T.T.S.,144.66
202504280302,2025-04-28,https://www.bk.mufg.jp/gdocs/kinri/list_j/kinri/spot_rate.csv,USDJPY,ACC.,145.07
202504280302,2025-04-28,https://www.bk.mufg.jp/gdocs/kinri/list_j/kinri/spot_rate.csv,USDJPY,CASH S.,146.46
202504280302,2025-04-28,https://www.bk.mufg.jp/gdocs/kinri/list_j/kinri/spot_rate.csv,USDJPY,T.T.B.,142.66
202504280302,2025-04-28,https://www.bk.mufg.jp/gdocs/kinri/list_j/kinri/spot_rate.csv,USDJPY,A/S,142.25
202504280302,2025-04-28,https://www.bk.mufg.jp/gdocs/kinri/list_j/kinri/spot_rate.csv,USDJPY,D/PED/A,141.95
202504280302,2025-04-28,https://www.bk.mufg.jp/gdocs/kinri/list_j/kinri/spot_rate.csv,USDJPY,CASH B.,140.66
